datapointID,answer
4430,284.49726974469706
4431,29.165222758968174
4432,203.903253660381
4433,-50.800991083870876
4434,365.76188361761535
4435,26.32654568805172
4436,285.17838907029136
4437,254.66978369082813
4438,241.88148896292572
4439,272.567419932342
4440,263.50144717742575
4441,21.16491512905465
4442,169.12208920284436
4443,263.04043145430785
4444,53.618719495130556
4445,223.14644398000326
4446,156.13307912473465
4447,193.71097953794765
4448,337.35068440939125
4449,509.50668316468835
4450,48.48819828751568
4451,260.1515884535682
4452,341.3487223354959
4453,214.8530254136944
4454,278.0925974121072
4455,60.27464592057831
4456,217.24522653582156
4457,191.60984864537002
4458,103.7278118069347
4459,83.85061794612172
4460,375.8318881524956
4461,41.63507736698308
4462,259.67516307847524
4463,477.21152132238603
4464,22.5619118766097
4465,341.52061513450815
4466,55.289652592296825
4467,340.7369013194131
4468,42.93748812722119
4469,322.2676529132971
4470,54.91606824241504
4471,412.1744615531343
4472,119.53312474300614
4473,280.136903669931
4474,333.3437493535345
4475,35.56783095838189
4476,153.37649064006263
4477,325.15598118417125
4478,35.68283807752305
4479,189.58451496052186
4480,141.75548612511173
4481,286.57586342256116
4482,249.87519692235907
4483,52.185656972236885
4484,322.54232330514725
4485,76.23397698214914
4486,278.59573342925876
4487,254.02001420698915
4488,59.45858644777436
4489,465.91511792745854
4490,36.0869031168295
4491,250.94297780018388
4492,95.8426866573896
4493,380.0033812335242
4494,189.17052390048235
4495,266.3659803108414
4496,53.60306934183752
4497,203.2061323578301
4498,179.74405901651235
4499,358.5399929301664
4500,28.754361876258542
4501,340.0494803494416
4502,25.20884709149534
4503,325.1288426549392
4504,325.1993668441753
4505,303.2899641609499
4506,111.52765520547693
4507,123.12899264844715
4508,72.43745241658466
4509,321.05265549450763
4510,21.31745442743109
4511,406.07669532288907
4512,197.0399602236309
4513,265.7426789923581
4514,24.43778453515861
4515,336.8294803276337
4516,95.23864048208156
4517,190.5957842695088
4518,277.2793004834765
4519,252.4747565974114
4520,346.1306085955843
4521,38.92974048226524
4522,166.85774046821902
4523,394.5567963736929
4524,320.62261599153874
4525,407.91802256895517
4526,286.7115949533497
4527,362.86902847533776
4528,333.1714262090242
4529,35.3828580400346
4530,320.8499151000638
4531,35.687804489220106
4532,367.7290374234009
4533,212.62687690216154
4534,372.1904565657965
4535,82.14228335837517
4536,166.6664666965106
4537,293.5125106987893
4538,48.70019223316871
4539,257.89942095425573
4540,426.1359458252332
4541,51.69799390600446
4542,413.36705701601596
4543,45.27915368170973
4544,205.1861480162982
4545,370.1462965578543
4546,513.9750374984411
4547,438.7583038300599
4548,150.25512360020537
4549,107.20954632548583
4550,177.72612839547097
4551,118.60439351451625
4552,297.7068370917599
4553,325.383541028009
4554,373.7191071360123
4555,126.60574437306748
4556,507.78981349897737
4557,42.51060365075777
4558,220.24435696246115
4559,219.8144474051551
4560,375.9140453367035
4561,49.81457704640494
4562,323.33303212896124
4563,64.88861355730693
4564,200.854729946004
4565,117.8488458253735
4566,291.18203762393335
4567,347.46539398919106
4568,366.6558388196478
4569,406.3008948759121
4570,352.30383719359577
4571,140.39924722598275
4572,176.93468537847372
4573,342.5515078453317
4574,481.0551083550474
4575,396.6709871972793
4576,35.890262545538576
4577,403.0121873443292
4578,18.228907210950236
4579,389.36118837797505
4580,272.1496433308962
4581,39.87359051189525
4582,254.72302633160228
4583,417.6947046750272
4584,216.56568132532323
4585,352.74057661359143
4586,403.01906046614516
4587,426.8690648791995
4588,423.42967943026406
4589,86.69945191920304
4590,188.67229021682655
4591,468.0017343815495
4592,127.23745100597749
4593,221.7227655066936
4594,102.79007626108117
4595,95.5794504246184
4596,275.06608545593014
4597,18.729883927349942
4598,285.8745977622695
4599,215.1245734686666
4600,241.21791432572596
4601,334.8967226335135
4602,366.9060387527066
4603,25.10660511778
4604,271.39198886303205
4605,77.67259407627068
4606,295.4288329217291
4607,34.74439349459428
4608,275.4331575621426
4609,75.61183483325007
4610,335.8439558921567
4611,331.03416366291196
4612,99.35331681980686
4613,478.32616032017506
4614,335.01719659186
4615,392.8344752513287
4616,442.41410310248347
4617,369.9006863538344
4618,43.06579865346177
4619,339.9127441497521
4620,42.6601113224059
4621,321.77840868031365
4622,372.18083746962543
4623,39.62890102446312
4624,237.61272101787657
4625,336.75685074773276
4626,93.55051175856676
4627,201.90038595798487
4628,102.82794959943452
4629,1108.9141644938966
4630,38.99290234142968
4631,344.85058429508626
4632,76.85032900709382
4633,329.77361514472267
4634,41.978687201498325
4635,219.90674798724095
4636,405.6189119582037
4637,368.567886866291
4638,31.909830907317545
4639,79.01433033514179
4640,342.7078897200704
4641,34.267025986640824
4642,434.7983323705168
4643,54.52086189416597
4644,212.41251109384376
4645,462.2054165598961
4646,31.50535532670325
4647,408.54612874544176
4648,34.87562739205175
4649,348.92631344802123
4650,111.80030301853488
4651,227.48821456579174
4652,268.5160209523253
4653,296.0026302272571
4654,81.07484171941067
4655,248.01349444596985
4656,392.34702886868996
4657,32.74232533794634
4658,274.58247570392524
4659,242.40292803503354
4660,295.1971362653758
4661,118.60153097235995
4662,100.59458161011243
4663,346.68600235514725
4664,275.8245627584639
4665,39.235734838031846
4666,286.07687950968335
4667,155.42555579681184
4668,319.3973101363068
4669,96.03300005845384
4670,101.67565293667066
4671,352.4279586655593
4672,104.46446232044278
4673,217.3070956708883
4674,256.49685925408676
4675,281.4290408375277
4676,236.7349229158404
4677,331.20656191973444
4678,68.09257088152783
4679,170.40326770710553
4680,84.78312999155744
4681,268.60229719157064
4682,84.78312999155744
4683,309.1962260097201
4684,50.034157675052235
4685,120.61044821446916
4686,336.95759123163174
4687,254.7720810082367
4688,328.5831702590092
4689,431.98584325314505
4690,95.46216992459942
4691,329.5706820421137
4692,22.2510269586669
4693,328.1258158156129
4694,78.95074771737865
4695,217.6405653958225
4696,277.80791462188216
4697,297.3823801139498
4698,208.66576372863443
4699,284.4117195972081
4700,397.37408087346483
4701,452.24207473723504
4702,440.29597958968753
4703,345.3191350913975
4704,306.3670997229553
4705,277.0156682389054
4706,37.636288215002295
4707,348.0359243803274
4708,36.90497534586353
4709,318.52907357234926
4710,370.96681446384144
4711,353.8758270757178
4712,43.58392427281599
4713,397.2178138365147
4714,381.6121136972057
4715,269.9287016339182
4716,312.770262567586
4717,427.70936102972604
4718,89.54188641830122
4719,118.90225586449534
4720,140.83811585055034
4721,328.22190336879913
4722,270.4173937446914
4723,357.0849658477271
4724,277.82854044082933
4725,406.4941897218538
4726,357.36558906368555
4727,200.64956989236802
4728,503.5631134762795
4729,38.15864056330957
4730,321.18658417646895
4731,339.28139906688443
4732,362.46903901360446
4733,386.26148201663096
4734,487.5908213759412
4735,37.085259269323714
4736,344.8670299837722
4737,517.9223852060222
4738,80.2234481209331
4739,320.05204559415705
4740,775.0085219200844
4741,673.1308229885759
4742,587.7201844285748
4743,452.4094985601843
4744,79.73821365845446
4745,405.3764842378496
4746,385.5036718116357
4747,335.84852536115494
4748,35.38157559917067
4749,278.2411046939977
4750,280.26372662539467
4751,352.39098514329584
4752,340.95270852074066
4753,28.784433710335847
4754,442.335918437121
4755,29.618862082862634
4756,425.5236910649156
4757,527.8621734664729
4758,480.1270468081123
4759,28.170358287425156
4760,95.29230559773656
4761,408.37562743400383
4762,71.36506276450456
4763,372.428522069208
4764,180.3619835682131
4765,238.98453187229816
4766,93.76483193912568
4767,291.8624596851625
4768,207.02809060972325
4769,200.8154115664896
4770,84.18942205718477
4771,187.2093108363257
4772,317.4866615726355
4773,76.2186669755069
4774,243.25327132008624
4775,282.71866662163023
4776,125.64771063105242
4777,100.62739348972663
4778,454.8406317293633
4779,474.47771522331715
4780,326.16578947538994
4781,125.21758089063216
4782,138.20123121703207
4783,148.39098233271275
4784,254.2904621413685
4785,303.054770835054
4786,45.82359899164382
4787,427.098383240318
4788,40.402216012096055
4789,306.86044395162776
4790,79.05441463352545
4791,151.8831090574994
4792,262.634301230153
4793,399.6051030270281
4794,225.03173098067023
4795,362.31592259440316
4796,229.04797684600445
4797,105.37147935037643
4798,308.7935989853942
4799,362.44773628483483
4800,125.33632580625947
4801,237.47531855409505
4802,281.39343240023294
4803,411.06374901930474
4804,259.2233062709761
4805,284.67933948503327
4806,53.67389350728014
4807,527.1494621409443
4808,20.412549546700916
4809,305.3536480841471
4810,32.82970388980521
4811,275.1312747835355
4812,151.71065849153692
4813,442.0232273983447
4814,63.16998754840832
4815,375.8654871329705
4816,698.7117189811455
4817,980.6724533270844
4818,418.4664692367427
4819,420.30807670659374
4820,45.876980337163
4821,713.6846976739982
4822,444.6462452840144
4823,504.90552488783663
4824,317.8379259461774
4825,359.0897251411839
4826,37.91356130689255
4827,126.21073823920781
4828,722.9973642306747
4829,302.422909674665
4830,409.83518460506355
4831,507.52346595456606
4832,333.98919770291144
4833,380.7992505721793
4834,406.9972085918508
4835,87.84259463937445
4836,433.6466575726367
4837,268.55210629172564
4838,729.8030721387922
4839,452.91898408669454
4840,291.5261524286089
4841,464.70092462934855
4842,44.84451505899193
4843,401.31581229845256
4844,397.7360200967491
4845,392.23038911791906
4846,766.4009818351033
4847,296.65578376749124
4848,245.865317618588
4849,432.06676583351964
4850,38.10747826080875
4851,244.2567161675158
4852,365.79280731796143
4853,513.0633333727418
4854,553.5999874858065
4855,348.6559714611472
4856,408.0363005827635
4857,416.84143037645873
4858,56.461182766779984
4859,148.39035393684162
4860,747.1250540111453
4861,164.18686733971015
4862,411.1632600965914
4863,504.3305445372009
4864,50.922114164400085
4865,521.1616700413207
4866,50.28346572845028
4867,231.26594830646332
4868,143.9889950418276
4869,315.87179542578554
4870,356.24333518002885
4871,273.5346918316869
4872,310.05595455708635
4873,50.253537236674745
4874,291.722004656633
4875,350.82874293379916
4876,31.77922149545126
4877,114.29763054027356
4878,731.0161413753409
4879,309.9714697931484
4880,32.000381973023785
4881,371.0895694869797
4882,302.78446116639475
4883,423.826052139895
4884,41.82854224288343
4885,291.92565602044505
4886,59.40620501023054
4887,459.6034422261694
4888,155.01727141577538
4889,419.50183801107096
4890,385.57257936368757
4891,397.90085673537374
4892,303.8549905465001
4893,479.58518325607196
4894,410.8080685520997
4895,582.393418022269
4896,449.78712280639405
4897,712.0176288353304
4898,69.0970863233244
4899,308.41822197771745
4900,75.0795733653354
4901,465.48825796806267
4902,475.9961800240815
4903,64.50162338319713
4904,355.497106465972
4905,74.88334591479736
4906,331.00485812662833
4907,144.4220533387023
4908,245.20051650800417
4909,109.56181526016601
4910,455.05258216190066
4911,48.29159228192287
4912,392.94848807937024
4913,47.467534012202535
4914,141.99053624755226
4915,435.93536658307437
4916,256.4682659433139
4917,415.227175483123
4918,265.7641545475125
4919,132.17416592844145
4920,226.71354008835652
4921,393.0971256216618
4922,376.9387056146768
4923,30.448223366951634
4924,408.3782807906247
4925,35.65181525708
4926,117.6907364506609
4927,409.24837325702964
4928,90.01333642924217
4929,455.8019046005154
4930,369.8361913512506
4931,49.6061658735713
4932,434.3272618547841
4933,329.87649420730776
4934,26.65470473752762
4935,278.50395413231297
4936,105.00868150364597
4937,466.42077667804307
4938,454.5396048426017
4939,386.88576220952234
4940,492.52461475840994
4941,246.97355955366507
4942,340.79462124731134
4943,434.5732714503888
4944,473.46799166315435
4945,403.56321690559827
4946,323.8197496037791
4947,282.67601499635674
4948,75.87083965705371
4949,311.0092763926599
4950,351.82351700768146
4951,401.9181607730067
4952,60.97335288389674
4953,305.2920704038939
4954,439.30730089545017
4955,52.134865939915045
4956,440.3646693454146
4957,92.53228121447486
4958,348.1235742316035
4959,329.696296709212
4960,130.40313023117258
4961,110.90746496802701
4962,308.90880794568693
4963,85.52230886469711
4964,386.2952411637056
4965,363.38928813455857
4966,284.49726974469706
4967,267.071696896853
4968,17.680155751544508
4969,272.31782741710117
4970,554.9950364811159
4971,254.3733068238554
4972,235.94194883306866
4973,61.931782176836485
4974,199.63931560343514
4975,293.2051670837777
4976,338.5357355277488
4977,308.27857123589786
4978,16.809451842704718
4979,264.14386859048346
4980,329.02672848606875
4981,35.86308948118809
4982,309.99607588290957
4983,40.47888631548497
4984,146.2371364509261
4985,399.91967846168217
4986,71.59675202418653
4987,172.78586519387028
4988,115.38314879266827
4989,299.0439154235995
4990,136.9555176442408
4991,85.24654729210222
4992,252.26200650816375
4993,282.73455366147743
4994,59.688136347978535
4995,420.8606124680839
4996,48.625175643445665
4997,144.89589221828118
4998,386.6241696979427
4999,37.77568316583396
5000,396.160565119618
5001,557.1145691607555
5002,119.09037415745148
5003,486.7795910849823
5004,35.84372794265154
5005,352.3220318291137
5006,248.72033207101748
5007,556.9557528289556
5008,251.8693825811145
5009,297.3148623201454
5010,375.9464253213702
5011,115.4414348597042
5012,346.94294733346936
5013,32.56528500181142
5014,637.2536494281239
5015,38.649043945559214
5016,133.12138712895668
5017,423.1985921935569
5018,425.32941568058664
5019,209.42530666726813
5020,278.8083648426001
5021,238.77234036348912
5022,453.2925889861582
5023,46.39199928359802
5024,327.45484062137297
5025,91.52855716445501
5026,328.0053714744083
5027,304.34968947059474
5028,113.99860419968611
5029,350.9039615182958
5030,297.902970998087
5031,243.83444554155184
5032,340.96689557250585
5033,222.54209099546694
5034,734.2348389083558
5035,361.81693766436666
5036,694.016448068513
5037,406.1312255548399
5038,323.7240146706833
5039,24.556066087064174
5040,359.0779475354374
5041,328.80600553197274
5042,322.7670456534992
5043,385.8895500589661
5044,28.481440594047783
5045,399.0255929591453
5046,331.9113732528317
5047,363.01078617213443
5048,340.5824407563506
5049,427.51741938982497
5050,198.2177007022765
5051,290.50096505162384
5052,415.5381328592385
5053,179.83581087530297
5054,370.6494411497861
5055,193.94310260820373
5056,230.26289824386757
5057,272.9214350842262
5058,53.97145434714276
5059,203.00083854076894
5060,310.67811884250074
5061,217.61018382233718
5062,300.0453871461937
5063,38.1870500977932
5064,78.4599131335411
5065,125.39068902903551
5066,169.64641683533335
5067,291.1910806439598
5068,263.69856011708373
5069,66.70369761152136
5070,253.7622300513743
5071,109.05362133961938
5072,407.58203741015274
5073,151.5874491583542
5074,304.6314186725232
5075,30.02699176760333
5076,280.22392385671844
5077,75.01958780844033
5078,442.3252947318696
5079,44.281754611961425
5080,312.6261629832297
5081,91.87852274035743
5082,375.3324988220243
5083,186.48598172156662
5084,350.6531649738508
5085,274.1278824541652
5086,71.76020979317498
5087,296.64959583192444
5088,110.36468510195168
5089,414.97075905363477
5090,497.5328841711941
5091,54.34588608526397
5092,291.52613594598006
5093,99.54653461357125
5094,124.53253294673247
5095,212.92553667814383
5096,123.6429957841432
5097,171.99497390074893
5098,89.04308669209587
5099,362.41623436853484
5100,42.56527262955782
5101,240.73974225536813
5102,262.89700974413086
5103,382.8759932463144
5104,43.06083368251021
5105,367.88110004837216
5106,95.7738415762069
5107,387.78774250865365
5108,57.067017305613604
5109,319.2751798251411
5110,115.59977849756673
5111,151.55723172545964
5112,381.4512406966608
5113,87.82200498608175
5114,343.32061883301293
5115,120.70896064368384
5116,107.29398582218262
5117,300.90501188105077
5118,348.9037280240799
5119,317.0747200020076
5120,485.867226250496
5121,137.96826626369747
5122,114.94907926659779
5123,239.87539031628535
5124,360.586896846327
5125,352.6572676853482
5126,290.00532885673454
5127,37.197418684452394
5128,317.6740699602691
5129,51.89195797918984
5130,345.5594765787474
5131,278.7713091882932
5132,128.9870987219626
5133,471.35675498997676
5134,64.21669750262457
5135,356.12491415597214
5136,835.3201694315876
5137,304.9796779493877
5138,27.79099946160736
5139,440.72521621214963
5140,256.62644784345076
5141,134.7708329145159
5142,365.35527051321714
5143,64.1578132747793
5144,379.7979691414162
5145,88.81563066827874
5146,205.91905452662013
5147,178.8202482528264
5148,452.7743601562341
5149,387.1088244483494
5150,101.27096821564639
5151,633.4338769630918
5152,291.4246466990416
5153,31.934866650132705
5154,221.20056523539995
5155,276.3370988587734
5156,8.220402611808987
5157,245.50376765128408
5158,338.59999983753687
5159,10.48107584710446
5160,275.7562629580601
5161,387.20695778210836
5162,417.2831320880377
5163,303.3658669613944
5164,344.8679077962672
5165,34.757849512838355
5166,249.8979438744118
5167,100.08279073606248
5168,585.5732837289708
5169,298.5641111704584
5170,342.61041659752124
5171,350.4350486751809
5172,544.9880691618199
5173,41.726616890745866
5174,348.8731994699173
5175,231.04133062027034
5176,63.20208057848368
5177,409.5067067611221
5178,368.1485550903372
5179,44.343075575276
5180,339.67411523580506
5181,63.68109085124703
5182,322.40588315193764
5183,226.78474328836444
5184,132.08134315514266
5185,204.19593059206295
5186,106.79676648118065
5187,281.31472961776836
5188,134.71317591646118
5189,406.440260915853
5190,41.750930885441086
5191,301.7801185763905
5192,359.69185334459655
5193,22.007321585997104
5194,288.98700798388086
5195,437.4949643457726
5196,41.24654158344636
5197,350.8018391351885
5198,281.8525551517273
5199,480.0121198671977
5200,44.29983724601804
5201,298.34913044898565
5202,328.17819331223615
5203,103.23927838724035
5204,145.83969504752963
5205,259.4871708269629
5206,360.36199874598
5207,378.12694137923893
5208,37.4820683110854
5209,409.93586819741097
5210,37.66095631182194
5211,219.4788066477502
5212,423.7740446535776
5213,32.831897333922996
5214,386.0857085785832
5215,30.04392923836961
5216,216.20820813903126
5217,126.08243358679913
5218,428.9473865473476
5219,27.91855088147883
5220,206.96631161824536
5221,409.60997268284774
5222,494.6599030606291
5223,436.55168822545227
7540,284.49726974469706
7541,29.165222758968174
7542,203.903253660381
7543,-50.800991083870876
7544,365.76188361761535
7545,26.32654568805172
7546,285.17838907029136
7547,254.66978369082813
7548,241.88148896292572
7549,272.567419932342
7550,263.50144717742575
7551,21.16491512905465
7552,169.12208920284436
7553,263.04043145430785
7554,53.618719495130556
7555,223.14644398000326
7556,156.13307912473465
7557,193.71097953794765
7558,337.35068440939125
7559,509.50668316468835
7560,48.48819828751568
7561,260.1515884535682
7562,341.3487223354959
7563,214.8530254136944
7564,278.0925974121072
7565,60.27464592057831
7566,217.24522653582156
7567,191.60984864537002
7568,103.7278118069347
7569,83.85061794612172
7570,375.8318881524956
7571,41.63507736698308
7572,259.67516307847524
7573,477.21152132238603
7574,22.5619118766097
7575,341.52061513450815
7576,55.289652592296825
7577,340.7369013194131
7578,42.93748812722119
7579,322.2676529132971
7580,54.91606824241504
7581,412.1744615531343
7582,119.53312474300614
7583,280.136903669931
7584,333.3437493535345
7585,35.56783095838189
7586,153.37649064006263
7587,325.15598118417125
7588,35.68283807752305
7589,189.58451496052186
7590,141.75548612511173
7591,286.57586342256116
7592,249.87519692235907
7593,52.185656972236885
7594,322.54232330514725
7595,76.23397698214914
7596,278.59573342925876
7597,254.02001420698915
7598,59.45858644777436
7599,465.91511792745854
7600,36.0869031168295
7601,250.94297780018388
7602,95.8426866573896
7603,380.0033812335242
7604,189.17052390048235
7605,266.3659803108414
7606,53.60306934183752
7607,203.2061323578301
7608,179.74405901651235
7609,358.5399929301664
7610,28.754361876258542
7611,340.0494803494416
7612,25.20884709149534
7613,325.1288426549392
7614,325.1993668441753
7615,303.2899641609499
7616,111.52765520547693
7617,123.12899264844715
7618,72.43745241658466
7619,321.05265549450763
7620,21.31745442743109
7621,406.07669532288907
7622,197.0399602236309
7623,265.7426789923581
7624,24.43778453515861
7625,336.8294803276337
7626,95.23864048208156
7627,190.5957842695088
7628,277.2793004834765
7629,252.4747565974114
7630,346.1306085955843
7631,38.92974048226524
7632,166.85774046821902
7633,394.5567963736929
7634,320.62261599153874
7635,407.91802256895517
7636,286.7115949533497
7637,362.86902847533776
7638,333.1714262090242
7639,35.3828580400346
7640,320.8499151000638
7641,35.687804489220106
7642,367.7290374234009
7643,212.62687690216154
7644,372.1904565657965
7645,82.14228335837517
7646,166.6664666965106
7647,293.5125106987893
7648,48.70019223316871
7649,257.89942095425573
7650,426.1359458252332
7651,51.69799390600446
7652,413.36705701601596
7653,45.27915368170973
7654,205.1861480162982
7655,370.1462965578543
7656,513.9750374984411
7657,438.7583038300599
7658,150.25512360020537
7659,107.20954632548583
7660,177.72612839547097
7661,118.60439351451625
7662,297.7068370917599
7663,325.383541028009
7664,373.7191071360123
7665,126.60574437306748
7666,507.78981349897737
7667,42.51060365075777
7668,220.24435696246115
7669,219.8144474051551
7670,375.9140453367035
7671,49.81457704640494
7672,323.33303212896124
7673,64.88861355730693
7674,200.854729946004
7675,117.8488458253735
7676,291.18203762393335
7677,347.46539398919106
7678,366.6558388196478
7679,406.3008948759121
7680,352.30383719359577
7681,140.39924722598275
7682,176.93468537847372
7683,342.5515078453317
7684,481.0551083550474
7685,396.6709871972793
7686,35.890262545538576
7687,403.0121873443292
7688,18.228907210950236
7689,389.36118837797505
7690,272.1496433308962
7691,39.87359051189525
7692,254.72302633160228
7693,417.6947046750272
7694,216.56568132532323
7695,352.74057661359143
7696,403.01906046614516
7697,426.8690648791995
7698,423.42967943026406
7699,86.69945191920304
7700,188.67229021682655
7701,468.0017343815495
7702,127.23745100597749
7703,221.7227655066936
7704,102.79007626108117
7705,95.5794504246184
7706,275.06608545593014
7707,18.729883927349942
7708,285.8745977622695
7709,215.1245734686666
7710,241.21791432572596
7711,334.8967226335135
7712,366.9060387527066
7713,25.10660511778
7714,271.39198886303205
7715,77.67259407627068
7716,295.4288329217291
7717,34.74439349459428
7718,275.4331575621426
7719,75.61183483325007
7720,335.8439558921567
7721,331.03416366291196
7722,99.35331681980686
7723,478.32616032017506
7724,335.01719659186
7725,392.8344752513287
7726,442.41410310248347
7727,369.9006863538344
7728,43.06579865346177
7729,339.9127441497521
7730,42.6601113224059
7731,321.77840868031365
7732,372.18083746962543
7733,39.62890102446312
7734,237.61272101787657
7735,336.75685074773276
7736,93.55051175856676
7737,201.90038595798487
7738,102.82794959943452
7739,1108.9141644938966
7740,38.99290234142968
7741,344.85058429508626
7742,76.85032900709382
7743,329.77361514472267
7744,41.978687201498325
7745,219.90674798724095
7746,405.6189119582037
7747,368.567886866291
7748,31.909830907317545
7749,79.01433033514179
7750,342.7078897200704
7751,34.267025986640824
7752,434.7983323705168
7753,54.52086189416597
7754,212.41251109384376
7755,462.2054165598961
7756,31.50535532670325
7757,408.54612874544176
7758,34.87562739205175
7759,348.92631344802123
7760,111.80030301853488
7761,227.48821456579174
7762,268.5160209523253
7763,296.0026302272571
7764,81.07484171941067
7765,248.01349444596985
7766,392.34702886868996
7767,32.74232533794634
7768,274.58247570392524
7769,242.40292803503354
7770,295.1971362653758
7771,118.60153097235995
7772,100.59458161011243
7773,346.68600235514725
7774,275.8245627584639
7775,39.235734838031846
7776,286.07687950968335
7777,155.42555579681184
7778,319.3973101363068
7779,96.03300005845384
7780,101.67565293667066
7781,352.4279586655593
7782,104.46446232044278
7783,217.3070956708883
7784,256.49685925408676
7785,281.4290408375277
7786,236.7349229158404
7787,331.20656191973444
7788,68.09257088152783
7789,170.40326770710553
7790,84.78312999155744
7791,268.60229719157064
7792,84.78312999155744
7793,309.1962260097201
7794,50.034157675052235
7795,120.61044821446916
7796,336.95759123163174
7797,254.7720810082367
7798,328.5831702590092
7799,431.98584325314505
7800,95.46216992459942
7801,329.5706820421137
7802,22.2510269586669
7803,328.1258158156129
7804,78.95074771737865
7805,217.6405653958225
7806,277.80791462188216
7807,297.3823801139498
7808,208.66576372863443
7809,284.4117195972081
7810,397.37408087346483
7811,452.24207473723504
7812,440.29597958968753
7813,345.3191350913975
7814,306.3670997229553
7815,277.0156682389054
7816,37.636288215002295
7817,348.0359243803274
7818,36.90497534586353
7819,318.52907357234926
7820,370.96681446384144
7821,353.8758270757178
7822,43.58392427281599
7823,397.2178138365147
7824,381.6121136972057
7825,269.9287016339182
7826,312.770262567586
7827,427.70936102972604
7828,89.54188641830122
7829,118.90225586449534
7830,140.83811585055034
7831,328.22190336879913
7832,270.4173937446914
7833,357.0849658477271
7834,277.82854044082933
7835,406.4941897218538
7836,357.36558906368555
7837,200.64956989236802
7838,503.5631134762795
7839,38.15864056330957
7840,321.18658417646895
7841,339.28139906688443
7842,362.46903901360446
7843,386.26148201663096
7844,487.5908213759412
7845,37.085259269323714
7846,344.8670299837722
7847,517.9223852060222
7848,80.2234481209331
7849,320.05204559415705
7850,775.0085219200844
7851,673.1308229885759
7852,587.7201844285748
7853,452.4094985601843
7854,79.73821365845446
7855,405.3764842378496
7856,385.5036718116357
7857,335.84852536115494
7858,35.38157559917067
7859,278.2411046939977
7860,280.26372662539467
7861,352.39098514329584
7862,340.95270852074066
7863,28.784433710335847
7864,442.335918437121
7865,29.618862082862634
7866,425.5236910649156
7867,527.8621734664729
7868,480.1270468081123
7869,28.170358287425156
7870,95.29230559773656
7871,408.37562743400383
7872,71.36506276450456
7873,372.428522069208
7874,180.3619835682131
7875,238.98453187229816
7876,93.76483193912568
7877,291.8624596851625
7878,207.02809060972325
7879,200.8154115664896
7880,84.18942205718477
7881,187.2093108363257
7882,317.4866615726355
7883,76.2186669755069
7884,243.25327132008624
7885,282.71866662163023
7886,125.64771063105242
7887,100.62739348972663
7888,454.8406317293633
7889,474.47771522331715
7890,326.16578947538994
7891,125.21758089063216
7892,138.20123121703207
7893,148.39098233271275
7894,254.2904621413685
7895,303.054770835054
7896,45.82359899164382
7897,427.098383240318
7898,40.402216012096055
7899,306.86044395162776
7900,79.05441463352545
7901,151.8831090574994
7902,262.634301230153
7903,399.6051030270281
7904,225.03173098067023
7905,362.31592259440316
7906,229.04797684600445
7907,105.37147935037643
7908,308.7935989853942
7909,362.44773628483483
7910,125.33632580625947
7911,237.47531855409505
7912,281.39343240023294
7913,411.06374901930474
7914,259.2233062709761
7915,284.67933948503327
7916,53.67389350728014
7917,527.1494621409443
7918,20.412549546700916
7919,305.3536480841471
7920,32.82970388980521
7921,275.1312747835355
7922,151.71065849153692
7923,442.0232273983447
7924,63.16998754840832
7925,375.8654871329705
7926,698.7117189811455
7927,980.6724533270844
7928,418.4664692367427
7929,420.30807670659374
7930,45.876980337163
7931,713.6846976739982
7932,444.6462452840144
7933,504.90552488783663
7934,317.8379259461774
7935,359.0897251411839
7936,37.91356130689255
7937,126.21073823920781
7938,722.9973642306747
7939,302.422909674665
7940,409.83518460506355
7941,507.52346595456606
7942,333.98919770291144
7943,380.7992505721793
7944,406.9972085918508
7945,87.84259463937445
7946,433.6466575726367
7947,268.55210629172564
7948,729.8030721387922
7949,452.91898408669454
7950,291.5261524286089
7951,464.70092462934855
7952,44.84451505899193
7953,401.31581229845256
7954,397.7360200967491
7955,392.23038911791906
7956,766.4009818351033
7957,296.65578376749124
7958,245.865317618588
7959,432.06676583351964
7960,38.10747826080875
7961,244.2567161675158
7962,365.79280731796143
7963,513.0633333727418
7964,553.5999874858065
7965,348.6559714611472
7966,408.0363005827635
7967,416.84143037645873
7968,56.461182766779984
7969,148.39035393684162
7970,747.1250540111453
7971,164.18686733971015
7972,411.1632600965914
7973,504.3305445372009
7974,50.922114164400085
7975,521.1616700413207
7976,50.28346572845028
7977,231.26594830646332
7978,143.9889950418276
7979,315.87179542578554
7980,356.24333518002885
7981,273.5346918316869
7982,310.05595455708635
7983,50.253537236674745
7984,291.722004656633
7985,350.82874293379916
7986,31.77922149545126
7987,114.29763054027356
7988,731.0161413753409
7989,309.9714697931484
7990,32.000381973023785
7991,371.0895694869797
7992,302.78446116639475
7993,423.826052139895
7994,41.82854224288343
7995,291.92565602044505
7996,59.40620501023054
7997,459.6034422261694
7998,155.01727141577538
7999,419.50183801107096
8000,385.57257936368757
8001,397.90085673537374
8002,303.8549905465001
8003,479.58518325607196
8004,410.8080685520997
8005,582.393418022269
8006,449.78712280639405
8007,712.0176288353304
8008,69.0970863233244
8009,308.41822197771745
8010,75.0795733653354
8011,465.48825796806267
8012,475.9961800240815
8013,64.50162338319713
8014,355.497106465972
8015,74.88334591479736
8016,331.00485812662833
8017,144.4220533387023
8018,245.20051650800417
8019,109.56181526016601
8020,455.05258216190066
8021,48.29159228192287
8022,392.94848807937024
8023,47.467534012202535
8024,141.99053624755226
8025,435.93536658307437
8026,256.4682659433139
8027,415.227175483123
8028,265.7641545475125
8029,132.17416592844145
8030,226.71354008835652
8031,393.0971256216618
8032,376.9387056146768
8033,30.448223366951634
8034,408.3782807906247
8035,35.65181525708
8036,117.6907364506609
8037,409.24837325702964
8038,90.01333642924217
8039,455.8019046005154
8040,369.8361913512506
8041,49.6061658735713
8042,434.3272618547841
8043,329.87649420730776
8044,26.65470473752762
8045,278.50395413231297
8046,105.00868150364597
8047,466.42077667804307
8048,454.5396048426017
8049,386.88576220952234
8050,492.52461475840994
8051,246.97355955366507
8052,340.79462124731134
8053,434.5732714503888
8054,473.46799166315435
8055,403.56321690559827
8056,323.8197496037791
8057,282.67601499635674
8058,75.87083965705371
8059,311.0092763926599
8060,351.82351700768146
8061,401.9181607730067
8062,60.97335288389674
8063,305.2920704038939
8064,439.30730089545017
8065,52.134865939915045
8066,440.3646693454146
8067,92.53228121447486
8068,348.1235742316035
8069,329.696296709212
8070,130.40313023117258
8071,110.90746496802701
8072,308.90880794568693
8073,85.52230886469711
8074,386.2952411637056
8075,363.38928813455857
8076,284.49726974469706
8077,267.071696896853
8078,17.680155751544508
8079,272.31782741710117
8080,554.9950364811159
8081,254.3733068238554
8082,235.94194883306866
8083,61.931782176836485
8084,199.63931560343514
8085,293.2051670837777
8086,338.5357355277488
8087,308.27857123589786
8088,16.809451842704718
8089,264.14386859048346
8090,329.02672848606875
8091,35.86308948118809
8092,309.99607588290957
8093,40.47888631548497
8094,146.2371364509261
8095,399.91967846168217
8096,71.59675202418653
8097,172.78586519387028
8098,115.38314879266827
8099,299.0439154235995
8100,136.9555176442408
8101,85.24654729210222
8102,252.26200650816375
8103,282.73455366147743
8104,59.688136347978535
8105,420.8606124680839
8106,48.625175643445665
8107,144.89589221828118
8108,386.6241696979427
8109,37.77568316583396
8110,396.160565119618
8111,557.1145691607555
8112,119.09037415745148
8113,486.7795910849823
8114,35.84372794265154
8115,352.3220318291137
8116,248.72033207101748
8117,556.9557528289556
8118,251.8693825811145
8119,297.3148623201454
8120,375.9464253213702
8121,115.4414348597042
8122,346.94294733346936
8123,32.56528500181142
8124,637.2536494281239
8125,38.649043945559214
8126,133.12138712895668
8127,423.1985921935569
8128,425.32941568058664
8129,209.42530666726813
8130,278.8083648426001
8131,238.77234036348912
8132,453.2925889861582
8133,46.39199928359802
8134,327.45484062137297
8135,91.52855716445501
8136,328.0053714744083
8137,304.34968947059474
8138,113.99860419968611
8139,350.9039615182958
8140,297.902970998087
8141,243.83444554155184
8142,340.96689557250585
8143,222.54209099546694
8144,734.2348389083558
8145,361.81693766436666
8146,694.016448068513
8147,406.1312255548399
8148,323.7240146706833
8149,24.556066087064174
8150,359.0779475354374
8151,328.80600553197274
8152,322.7670456534992
8153,385.8895500589661
8154,28.481440594047783
8155,399.0255929591453
8156,331.9113732528317
8157,363.01078617213443
8158,340.5824407563506
8159,427.51741938982497
8160,198.2177007022765
8161,290.50096505162384
8162,415.5381328592385
8163,179.83581087530297
8164,370.6494411497861
8165,193.94310260820373
8166,230.26289824386757
8167,272.9214350842262
8168,53.97145434714276
8169,203.00083854076894
8170,310.67811884250074
8171,217.61018382233718
8172,300.0453871461937
8173,38.1870500977932
8174,78.4599131335411
8175,125.39068902903551
8176,169.64641683533335
8177,291.1910806439598
8178,263.69856011708373
8179,66.70369761152136
8180,253.7622300513743
8181,109.05362133961938
8182,407.58203741015274
8183,151.5874491583542
8184,304.6314186725232
8185,30.02699176760333
8186,280.22392385671844
8187,75.01958780844033
8188,442.3252947318696
8189,44.281754611961425
8190,312.6261629832297
8191,91.87852274035743
8192,375.3324988220243
8193,186.48598172156662
8194,350.6531649738508
8195,274.1278824541652
8196,71.76020979317498
8197,296.64959583192444
8198,110.36468510195168
8199,414.97075905363477
8200,497.5328841711941
8201,54.34588608526397
8202,291.52613594598006
8203,99.54653461357125
8204,124.53253294673247
8205,212.92553667814383
8206,123.6429957841432
8207,171.99497390074893
8208,89.04308669209587
8209,362.41623436853484
8210,42.56527262955782
8211,240.73974225536813
8212,262.89700974413086
8213,382.8759932463144
8214,43.06083368251021
8215,367.88110004837216
8216,95.7738415762069
8217,387.78774250865365
8218,57.067017305613604
8219,319.2751798251411
8220,115.59977849756673
8221,151.55723172545964
8222,381.4512406966608
8223,87.82200498608175
8224,343.32061883301293
8225,120.70896064368384
8226,107.29398582218262
8227,300.90501188105077
8228,348.9037280240799
8229,317.0747200020076
8230,485.867226250496
8231,137.96826626369747
8232,114.94907926659779
8233,239.87539031628535
8234,360.586896846327
8235,352.6572676853482
8236,290.00532885673454
8237,37.197418684452394
8238,317.6740699602691
8239,51.89195797918984
8240,345.5594765787474
8241,278.7713091882932
8242,128.9870987219626
8243,471.35675498997676
8244,64.21669750262457
8245,356.12491415597214
8246,835.3201694315876
8247,304.9796779493877
8248,27.79099946160736
8249,440.72521621214963
8250,256.62644784345076
8251,134.7708329145159
8252,365.35527051321714
8253,64.1578132747793
8254,379.7979691414162
8255,88.81563066827874
8256,205.91905452662013
8257,178.8202482528264
8258,452.7743601562341
8259,387.1088244483494
8260,101.27096821564639
8261,633.4338769630918
8262,291.4246466990416
8263,31.934866650132705
8264,221.20056523539995
8265,276.3370988587734
8266,8.220402611808987
8267,245.50376765128408
8268,338.59999983753687
8269,10.48107584710446
8270,275.7562629580601
8271,387.20695778210836
8272,417.2831320880377
8273,303.3658669613944
8274,344.8679077962672
8275,34.757849512838355
8276,249.8979438744118
8277,100.08279073606248
8278,585.5732837289708
8279,298.5641111704584
8280,342.61041659752124
8281,350.4350486751809
8282,544.9880691618199
8283,41.726616890745866
8284,348.8731994699173
8285,231.04133062027034
8286,63.20208057848368
8287,409.5067067611221
8288,368.1485550903372
8289,44.343075575276
8290,339.67411523580506
8291,63.68109085124703
8292,322.40588315193764
8293,226.78474328836444
8294,132.08134315514266
8295,204.19593059206295
8296,106.79676648118065
8297,281.31472961776836
8298,134.71317591646118
8299,406.440260915853
8300,41.750930885441086
8301,301.7801185763905
8302,359.69185334459655
8303,22.007321585997104
8304,288.98700798388086
8305,437.4949643457726
8306,41.24654158344636
8307,350.8018391351885
8308,281.8525551517273
8309,480.0121198671977
8310,44.29983724601804
8311,298.34913044898565
8312,328.17819331223615
8313,103.23927838724035
8314,145.83969504752963
8315,259.4871708269629
8316,360.36199874598
8317,378.12694137923893
8318,37.4820683110854
8319,409.93586819741097
8320,37.66095631182194
8321,219.4788066477502
8322,423.7740446535776
8323,32.831897333922996
8324,386.0857085785832
8325,30.04392923836961
8326,216.20820813903126
8327,126.08243358679913
8328,428.9473865473476
8329,27.91855088147883
8330,206.96631161824536
8331,409.60997268284774
8332,494.6599030606291
8333,436.55168822545227
5655,284.49726974469706
5656,29.165222758968174
5657,203.903253660381
5658,-50.800991083870876
5659,365.76188361761535
5660,26.32654568805172
5661,285.17838907029136
5662,254.66978369082813
5663,241.88148896292572
5664,272.567419932342
5665,263.50144717742575
5666,21.16491512905465
5667,169.12208920284436
5668,263.04043145430785
5669,53.618719495130556
5670,223.14644398000326
5671,156.13307912473465
5672,193.71097953794765
5673,337.35068440939125
5674,509.50668316468835
5675,48.48819828751568
5676,260.1515884535682
5677,341.3487223354959
5678,214.8530254136944
5679,278.0925974121072
5680,60.27464592057831
5681,217.24522653582156
5682,191.60984864537002
5683,103.7278118069347
5684,83.85061794612172
5685,375.8318881524956
5686,41.63507736698308
5687,259.67516307847524
5688,477.21152132238603
5689,22.5619118766097
5690,341.52061513450815
5691,55.289652592296825
5692,340.7369013194131
5693,42.93748812722119
5694,322.2676529132971
5695,54.91606824241504
5696,412.1744615531343
5697,119.53312474300614
5698,280.136903669931
5699,333.3437493535345
5700,35.56783095838189
5701,153.37649064006263
5702,325.15598118417125
5703,35.68283807752305
5704,189.58451496052186
5705,141.75548612511173
5706,286.57586342256116
5707,249.87519692235907
5708,52.185656972236885
5709,322.54232330514725
5710,76.23397698214914
5711,278.59573342925876
5712,254.02001420698915
5713,59.45858644777436
5714,465.91511792745854
5715,36.0869031168295
5716,250.94297780018388
5717,95.8426866573896
5718,380.0033812335242
5719,189.17052390048235
5720,266.3659803108414
5721,53.60306934183752
5722,203.2061323578301
5723,179.74405901651235
5724,358.5399929301664
5725,28.754361876258542
5726,340.0494803494416
5727,25.20884709149534
5728,325.1288426549392
5729,325.1993668441753
5730,303.2899641609499
5731,111.52765520547693
5732,123.12899264844715
5733,72.43745241658466
5734,321.05265549450763
5735,21.31745442743109
5736,406.07669532288907
5737,197.0399602236309
5738,265.7426789923581
5739,24.43778453515861
5740,336.8294803276337
5741,95.23864048208156
5742,190.5957842695088
5743,277.2793004834765
5744,252.4747565974114
5745,346.1306085955843
5746,38.92974048226524
5747,166.85774046821902
5748,394.5567963736929
5749,320.62261599153874
5750,407.91802256895517
5751,286.7115949533497
5752,362.86902847533776
5753,333.1714262090242
5754,35.3828580400346
5755,320.8499151000638
5756,35.687804489220106
5757,367.7290374234009
5758,212.62687690216154
5759,372.1904565657965
5760,82.14228335837517
5761,166.6664666965106
5762,293.5125106987893
5763,48.70019223316871
5764,257.89942095425573
5765,426.1359458252332
5766,51.69799390600446
5767,413.36705701601596
5768,45.27915368170973
5769,205.1861480162982
5770,370.1462965578543
5771,513.9750374984411
5772,438.7583038300599
5773,150.25512360020537
5774,107.20954632548583
5775,177.72612839547097
5776,118.60439351451625
5777,297.7068370917599
5778,325.383541028009
5779,373.7191071360123
5780,126.60574437306748
5781,507.78981349897737
5782,42.51060365075777
5783,220.24435696246115
5784,219.8144474051551
5785,375.9140453367035
5786,49.81457704640494
5787,323.33303212896124
5788,64.88861355730693
5789,200.854729946004
5790,117.8488458253735
5791,291.18203762393335
5792,347.46539398919106
5793,366.6558388196478
5794,406.3008948759121
5795,352.30383719359577
5796,140.39924722598275
5797,176.93468537847372
5798,342.5515078453317
5799,481.0551083550474
5800,396.6709871972793
5801,35.890262545538576
5802,403.0121873443292
5803,18.228907210950236
5804,389.36118837797505
5805,272.1496433308962
5806,39.87359051189525
5807,254.72302633160228
5808,417.6947046750272
5809,216.56568132532323
5810,352.74057661359143
5811,403.01906046614516
5812,426.8690648791995
5813,423.42967943026406
5814,86.69945191920304
5815,188.67229021682655
5816,468.0017343815495
5817,127.23745100597749
5818,221.7227655066936
5819,102.79007626108117
5820,95.5794504246184
5821,275.06608545593014
5822,18.729883927349942
5823,285.8745977622695
5824,215.1245734686666
5825,241.21791432572596
5826,334.8967226335135
5827,366.9060387527066
5828,25.10660511778
5829,271.39198886303205
5830,77.67259407627068
5831,295.4288329217291
5832,34.74439349459428
5833,275.4331575621426
5834,75.61183483325007
5835,335.8439558921567
5836,331.03416366291196
5837,99.35331681980686
5838,478.32616032017506
5839,335.01719659186
5840,392.8344752513287
5841,442.41410310248347
5842,369.9006863538344
5843,43.06579865346177
5844,339.9127441497521
5845,42.6601113224059
5846,321.77840868031365
5847,372.18083746962543
5848,39.62890102446312
5849,237.61272101787657
5850,336.75685074773276
5851,93.55051175856676
5852,201.90038595798487
5853,102.82794959943452
5854,1108.9141644938966
5855,38.99290234142968
5856,344.85058429508626
5857,76.85032900709382
5858,329.77361514472267
5859,41.978687201498325
5860,219.90674798724095
5861,405.6189119582037
5862,368.567886866291
5863,31.909830907317545
5864,79.01433033514179
5865,342.7078897200704
5866,34.267025986640824
5867,434.7983323705168
5868,54.52086189416597
5869,212.41251109384376
5870,462.2054165598961
5871,31.50535532670325
5872,408.54612874544176
5873,34.87562739205175
5874,348.92631344802123
5875,111.80030301853488
5876,227.48821456579174
5877,268.5160209523253
5878,296.0026302272571
5879,81.07484171941067
5880,248.01349444596985
5881,392.34702886868996
5882,32.74232533794634
5883,274.58247570392524
5884,242.40292803503354
5885,295.1971362653758
5886,118.60153097235995
5887,100.59458161011243
5888,346.68600235514725
5889,275.8245627584639
5890,39.235734838031846
5891,286.07687950968335
5892,155.42555579681184
5893,319.3973101363068
5894,96.03300005845384
5895,101.67565293667066
5896,352.4279586655593
5897,104.46446232044278
5898,217.3070956708883
5899,256.49685925408676
5900,281.4290408375277
5901,236.7349229158404
5902,331.20656191973444
5903,68.09257088152783
5904,170.40326770710553
5905,84.78312999155744
5906,268.60229719157064
5907,84.78312999155744
5908,309.1962260097201
5909,50.034157675052235
5910,120.61044821446916
5911,336.95759123163174
5912,254.7720810082367
5913,328.5831702590092
5914,431.98584325314505
5915,95.46216992459942
5916,329.5706820421137
5917,22.2510269586669
5918,328.1258158156129
5919,78.95074771737865
5920,217.6405653958225
5921,277.80791462188216
5922,297.3823801139498
5923,208.66576372863443
5924,284.4117195972081
5925,397.37408087346483
5926,452.24207473723504
5927,440.29597958968753
5928,345.3191350913975
5929,306.3670997229553
5930,277.0156682389054
5931,37.636288215002295
5932,348.0359243803274
5933,36.90497534586353
5934,318.52907357234926
5935,370.96681446384144
5936,353.8758270757178
5937,43.58392427281599
5938,397.2178138365147
5939,381.6121136972057
5940,269.9287016339182
5941,312.770262567586
5942,427.70936102972604
5943,89.54188641830122
5944,118.90225586449534
5945,140.83811585055034
5946,328.22190336879913
5947,270.4173937446914
5948,357.0849658477271
5949,277.82854044082933
5950,406.4941897218538
5951,357.36558906368555
5952,200.64956989236802
5953,503.5631134762795
5954,38.15864056330957
5955,321.18658417646895
5956,339.28139906688443
5957,362.46903901360446
5958,386.26148201663096
5959,487.5908213759412
5960,37.085259269323714
5961,344.8670299837722
5962,517.9223852060222
5963,80.2234481209331
5964,320.05204559415705
5965,775.0085219200844
5966,673.1308229885759
5967,587.7201844285748
5968,452.4094985601843
5969,79.73821365845446
5970,405.3764842378496
5971,385.5036718116357
5972,335.84852536115494
5973,35.38157559917067
5974,278.2411046939977
5975,280.26372662539467
5976,352.39098514329584
5977,340.95270852074066
5978,28.784433710335847
5979,442.335918437121
5980,29.618862082862634
5981,425.5236910649156
5982,527.8621734664729
5983,480.1270468081123
5984,28.170358287425156
5985,95.29230559773656
5986,408.37562743400383
5987,71.36506276450456
5988,372.428522069208
5989,180.3619835682131
5990,238.98453187229816
5991,93.76483193912568
5992,291.8624596851625
5993,207.02809060972325
5994,200.8154115664896
5995,84.18942205718477
5996,187.2093108363257
5997,317.4866615726355
5998,76.2186669755069
5999,243.25327132008624
6000,282.71866662163023
6001,125.64771063105242
6002,100.62739348972663
6003,454.8406317293633
6004,474.47771522331715
6005,326.16578947538994
6006,125.21758089063216
6007,138.20123121703207
6008,148.39098233271275
6009,254.2904621413685
6010,303.054770835054
6011,45.82359899164382
6012,427.098383240318
6013,40.402216012096055
6014,306.86044395162776
6015,79.05441463352545
6016,151.8831090574994
6017,262.634301230153
6018,399.6051030270281
6019,225.03173098067023
6020,362.31592259440316
6021,229.04797684600445
6022,105.37147935037643
6023,308.7935989853942
6024,362.44773628483483
6025,125.33632580625947
6026,237.47531855409505
6027,281.39343240023294
6028,411.06374901930474
6029,259.2233062709761
6030,284.67933948503327
6031,53.67389350728014
6032,527.1494621409443
6033,20.412549546700916
6034,305.3536480841471
6035,32.82970388980521
6036,275.1312747835355
6037,151.71065849153692
6038,442.0232273983447
6039,63.16998754840832
6040,375.8654871329705
6041,698.7117189811455
6042,980.6724533270844
6043,418.4664692367427
6044,420.30807670659374
6045,45.876980337163
6046,713.6846976739982
6047,444.6462452840144
6048,504.90552488783663
6049,317.8379259461774
6050,359.0897251411839
6051,37.91356130689255
6052,126.21073823920781
6053,722.9973642306747
6054,302.422909674665
6055,409.83518460506355
6056,507.52346595456606
6057,333.98919770291144
6058,380.7992505721793
6059,406.9972085918508
6060,87.84259463937445
6061,433.6466575726367
6062,268.55210629172564
6063,729.8030721387922
6064,452.91898408669454
6065,291.5261524286089
6066,464.70092462934855
6067,44.84451505899193
6068,401.31581229845256
6069,397.7360200967491
6070,392.23038911791906
6071,766.4009818351033
6072,296.65578376749124
6073,245.865317618588
6074,432.06676583351964
6075,38.10747826080875
6076,244.2567161675158
6077,365.79280731796143
6078,513.0633333727418
6079,553.5999874858065
6080,348.6559714611472
6081,408.0363005827635
6082,416.84143037645873
6083,56.461182766779984
6084,148.39035393684162
6085,747.1250540111453
6086,164.18686733971015
6087,411.1632600965914
6088,504.3305445372009
6089,50.922114164400085
6090,521.1616700413207
6091,50.28346572845028
6092,231.26594830646332
6093,143.9889950418276
6094,315.87179542578554
6095,356.24333518002885
6096,273.5346918316869
6097,310.05595455708635
6098,50.253537236674745
6099,291.722004656633
6100,350.82874293379916
6101,31.77922149545126
6102,114.29763054027356
6103,731.0161413753409
6104,309.9714697931484
6105,32.000381973023785
6106,371.0895694869797
6107,302.78446116639475
6108,423.826052139895
6109,41.82854224288343
6110,291.92565602044505
6111,59.40620501023054
6112,459.6034422261694
6113,155.01727141577538
6114,419.50183801107096
6115,385.57257936368757
6116,397.90085673537374
6117,303.8549905465001
6118,479.58518325607196
6119,410.8080685520997
6120,582.393418022269
6121,449.78712280639405
6122,712.0176288353304
6123,69.0970863233244
6124,308.41822197771745
6125,75.0795733653354
6126,465.48825796806267
6127,475.9961800240815
6128,64.50162338319713
6129,355.497106465972
6130,74.88334591479736
6131,331.00485812662833
6132,144.4220533387023
6133,245.20051650800417
6134,109.56181526016601
6135,455.05258216190066
6136,48.29159228192287
6137,392.94848807937024
6138,47.467534012202535
6139,141.99053624755226
6140,435.93536658307437
6141,256.4682659433139
6142,415.227175483123
6143,265.7641545475125
6144,132.17416592844145
6145,226.71354008835652
6146,393.0971256216618
6147,376.9387056146768
6148,30.448223366951634
6149,408.3782807906247
6150,35.65181525708
6151,117.6907364506609
6152,409.24837325702964
6153,90.01333642924217
6154,455.8019046005154
6155,369.8361913512506
6156,49.6061658735713
6157,434.3272618547841
6158,329.87649420730776
6159,26.65470473752762
6160,278.50395413231297
6161,105.00868150364597
6162,466.42077667804307
6163,454.5396048426017
6164,386.88576220952234
6165,492.52461475840994
6166,246.97355955366507
6167,340.79462124731134
6168,434.5732714503888
6169,473.46799166315435
6170,403.56321690559827
6171,323.8197496037791
6172,282.67601499635674
6173,75.87083965705371
6174,311.0092763926599
6175,351.82351700768146
6176,401.9181607730067
6177,60.97335288389674
6178,305.2920704038939
6179,439.30730089545017
6180,52.134865939915045
6181,440.3646693454146
6182,92.53228121447486
6183,348.1235742316035
6184,329.696296709212
6185,130.40313023117258
6186,110.90746496802701
6187,308.90880794568693
6188,85.52230886469711
6189,386.2952411637056
6190,363.38928813455857
6191,284.49726974469706
6192,267.071696896853
6193,17.680155751544508
6194,272.31782741710117
6195,554.9950364811159
6196,254.3733068238554
6197,235.94194883306866
6198,61.931782176836485
6199,199.63931560343514
6200,293.2051670837777
6201,338.5357355277488
6202,308.27857123589786
6203,16.809451842704718
6204,264.14386859048346
6205,329.02672848606875
6206,35.86308948118809
6207,309.99607588290957
6208,40.47888631548497
6209,146.2371364509261
6210,399.91967846168217
6211,71.59675202418653
6212,172.78586519387028
6213,115.38314879266827
6214,299.0439154235995
6215,136.9555176442408
6216,85.24654729210222
6217,252.26200650816375
6218,282.73455366147743
6219,59.688136347978535
6220,420.8606124680839
6221,48.625175643445665
6222,144.89589221828118
6223,386.6241696979427
6224,37.77568316583396
6225,396.160565119618
6226,557.1145691607555
6227,119.09037415745148
6228,486.7795910849823
6229,35.84372794265154
6230,352.3220318291137
6231,248.72033207101748
6232,556.9557528289556
6233,251.8693825811145
6234,297.3148623201454
6235,375.9464253213702
6236,115.4414348597042
6237,346.94294733346936
6238,32.56528500181142
6239,637.2536494281239
6240,38.649043945559214
6241,133.12138712895668
6242,423.1985921935569
6243,425.32941568058664
6244,209.42530666726813
6245,278.8083648426001
6246,238.77234036348912
6247,453.2925889861582
6248,46.39199928359802
6249,327.45484062137297
6250,91.52855716445501
6251,328.0053714744083
6252,304.34968947059474
6253,113.99860419968611
6254,350.9039615182958
6255,297.902970998087
6256,243.83444554155184
6257,340.96689557250585
6258,222.54209099546694
6259,734.2348389083558
6260,361.81693766436666
6261,694.016448068513
6262,406.1312255548399
6263,323.7240146706833
6264,24.556066087064174
6265,359.0779475354374
6266,328.80600553197274
6267,322.7670456534992
6268,385.8895500589661
6269,28.481440594047783
6270,399.0255929591453
6271,331.9113732528317
6272,363.01078617213443
6273,340.5824407563506
6274,427.51741938982497
6275,198.2177007022765
6276,290.50096505162384
6277,415.5381328592385
6278,179.83581087530297
6279,370.6494411497861
6280,193.94310260820373
6281,230.26289824386757
6282,272.9214350842262
6283,53.97145434714276
6284,203.00083854076894
6285,310.67811884250074
6286,217.61018382233718
6287,300.0453871461937
6288,38.1870500977932
6289,78.4599131335411
6290,125.39068902903551
6291,169.64641683533335
6292,291.1910806439598
6293,263.69856011708373
6294,66.70369761152136
6295,253.7622300513743
6296,109.05362133961938
6297,407.58203741015274
6298,151.5874491583542
6299,304.6314186725232
6300,30.02699176760333
6301,280.22392385671844
6302,75.01958780844033
6303,442.3252947318696
6304,44.281754611961425
6305,312.6261629832297
6306,91.87852274035743
6307,375.3324988220243
6308,186.48598172156662
6309,350.6531649738508
6310,274.1278824541652
6311,71.76020979317498
6312,296.64959583192444
6313,110.36468510195168
6314,414.97075905363477
6315,497.5328841711941
6316,54.34588608526397
6317,291.52613594598006
6318,99.54653461357125
6319,124.53253294673247
6320,212.92553667814383
6321,123.6429957841432
6322,171.99497390074893
6323,89.04308669209587
6324,362.41623436853484
6325,42.56527262955782
6326,240.73974225536813
6327,262.89700974413086
6328,382.8759932463144
6329,43.06083368251021
6330,367.88110004837216
6331,95.7738415762069
6332,387.78774250865365
6333,57.067017305613604
6334,319.2751798251411
6335,115.59977849756673
6336,151.55723172545964
6337,381.4512406966608
6338,87.82200498608175
6339,343.32061883301293
6340,120.70896064368384
6341,107.29398582218262
6342,300.90501188105077
6343,348.9037280240799
6344,317.0747200020076
6345,485.867226250496
6346,137.96826626369747
6347,114.94907926659779
6348,239.87539031628535
6349,360.586896846327
6350,352.6572676853482
6351,290.00532885673454
6352,37.197418684452394
6353,317.6740699602691
6354,51.89195797918984
6355,345.5594765787474
6356,278.7713091882932
6357,128.9870987219626
6358,471.35675498997676
6359,64.21669750262457
6360,356.12491415597214
6361,835.3201694315876
6362,304.9796779493877
6363,27.79099946160736
6364,440.72521621214963
6365,256.62644784345076
6366,134.7708329145159
6367,365.35527051321714
6368,64.1578132747793
6369,379.7979691414162
6370,88.81563066827874
6371,205.91905452662013
6372,178.8202482528264
6373,452.7743601562341
6374,387.1088244483494
6375,101.27096821564639
6376,633.4338769630918
6377,291.4246466990416
6378,31.934866650132705
6379,221.20056523539995
6380,276.3370988587734
6381,8.220402611808987
6382,245.50376765128408
6383,338.59999983753687
6384,10.48107584710446
6385,275.7562629580601
6386,387.20695778210836
6387,417.2831320880377
6388,303.3658669613944
6389,344.8679077962672
6390,34.757849512838355
6391,249.8979438744118
6392,100.08279073606248
6393,585.5732837289708
6394,298.5641111704584
6395,342.61041659752124
6396,350.4350486751809
6397,544.9880691618199
6398,41.726616890745866
6399,348.8731994699173
6400,231.04133062027034
6401,63.20208057848368
6402,409.5067067611221
6403,368.1485550903372
6404,44.343075575276
6405,339.67411523580506
6406,63.68109085124703
6407,322.40588315193764
6408,226.78474328836444
6409,132.08134315514266
6410,204.19593059206295
6411,106.79676648118065
6412,281.31472961776836
6413,134.71317591646118
6414,406.440260915853
6415,41.750930885441086
6416,301.7801185763905
6417,359.69185334459655
6418,22.007321585997104
6419,288.98700798388086
6420,437.4949643457726
6421,41.24654158344636
6422,350.8018391351885
6423,281.8525551517273
6424,480.0121198671977
6425,44.29983724601804
6426,298.34913044898565
6427,328.17819331223615
6428,103.23927838724035
6429,145.83969504752963
6430,259.4871708269629
6431,360.36199874598
6432,378.12694137923893
6433,37.4820683110854
6434,409.93586819741097
6435,37.66095631182194
6436,219.4788066477502
6437,423.7740446535776
6438,32.831897333922996
6439,386.0857085785832
6440,30.04392923836961
6441,216.20820813903126
6442,126.08243358679913
6443,428.9473865473476
6444,27.91855088147883
6445,206.96631161824536
6446,409.60997268284774
6447,494.6599030606291
6448,436.55168822545227
2976,284.49726974469706
2977,29.165222758968174
2978,203.903253660381
2979,-50.800991083870876
2980,365.76188361761535
2981,26.32654568805172
2982,285.17838907029136
2983,254.66978369082813
2984,241.88148896292572
2985,272.567419932342
2986,263.50144717742575
2987,21.16491512905465
2988,169.12208920284436
2989,263.04043145430785
2990,53.618719495130556
2991,223.14644398000326
2992,156.13307912473465
2993,193.71097953794765
2994,337.35068440939125
2995,509.50668316468835
2996,48.48819828751568
2997,260.1515884535682
2998,341.3487223354959
2999,214.8530254136944
3000,278.0925974121072
3001,60.27464592057831
3002,217.24522653582156
3003,191.60984864537002
3004,103.7278118069347
3005,83.85061794612172
3006,375.8318881524956
3007,41.63507736698308
3008,259.67516307847524
3009,477.21152132238603
3010,22.5619118766097
3011,341.52061513450815
3012,55.289652592296825
3013,340.7369013194131
3014,42.93748812722119
3015,322.2676529132971
3016,54.91606824241504
3017,412.1744615531343
3018,119.53312474300614
3019,280.136903669931
3020,333.3437493535345
3021,35.56783095838189
3022,153.37649064006263
3023,325.15598118417125
3024,35.68283807752305
3025,189.58451496052186
3026,141.75548612511173
3027,286.57586342256116
3028,249.87519692235907
3029,52.185656972236885
3030,322.54232330514725
3031,76.23397698214914
3032,278.59573342925876
3033,254.02001420698915
3034,59.45858644777436
3035,465.91511792745854
3036,36.0869031168295
3037,250.94297780018388
3038,95.8426866573896
3039,380.0033812335242
3040,189.17052390048235
3041,266.3659803108414
3042,53.60306934183752
3043,203.2061323578301
3044,179.74405901651235
3045,358.5399929301664
3046,28.754361876258542
3047,340.0494803494416
3048,25.20884709149534
3049,325.1288426549392
3050,325.1993668441753
3051,303.2899641609499
3052,111.52765520547693
3053,123.12899264844715
3054,72.43745241658466
3055,321.05265549450763
3056,21.31745442743109
3057,406.07669532288907
3058,197.0399602236309
3059,265.7426789923581
3060,24.43778453515861
3061,336.8294803276337
3062,95.23864048208156
3063,190.5957842695088
3064,277.2793004834765
3065,252.4747565974114
3066,346.1306085955843
3067,38.92974048226524
3068,166.85774046821902
3069,394.5567963736929
3070,320.62261599153874
3071,407.91802256895517
3072,286.7115949533497
3073,362.86902847533776
3074,333.1714262090242
3075,35.3828580400346
3076,320.8499151000638
3077,35.687804489220106
3078,367.7290374234009
3079,212.62687690216154
3080,372.1904565657965
3081,82.14228335837517
3082,166.6664666965106
3083,293.5125106987893
3084,48.70019223316871
3085,257.89942095425573
3086,426.1359458252332
3087,51.69799390600446
3088,413.36705701601596
3089,45.27915368170973
3090,205.1861480162982
3091,370.1462965578543
3092,513.9750374984411
3093,438.7583038300599
3094,150.25512360020537
3095,107.20954632548583
3096,177.72612839547097
3097,118.60439351451625
3098,297.7068370917599
3099,325.383541028009
3100,373.7191071360123
3101,126.60574437306748
3102,507.78981349897737
3103,42.51060365075777
3104,220.24435696246115
3105,219.8144474051551
3106,375.9140453367035
3107,49.81457704640494
3108,323.33303212896124
3109,64.88861355730693
3110,200.854729946004
3111,117.8488458253735
3112,291.18203762393335
3113,347.46539398919106
3114,366.6558388196478
3115,406.3008948759121
3116,352.30383719359577
3117,140.39924722598275
3118,176.93468537847372
3119,342.5515078453317
3120,481.0551083550474
3121,396.6709871972793
3122,35.890262545538576
3123,403.0121873443292
3124,18.228907210950236
3125,389.36118837797505
3126,272.1496433308962
3127,39.87359051189525
3128,254.72302633160228
3129,417.6947046750272
3130,216.56568132532323
3131,352.74057661359143
3132,403.01906046614516
3133,426.8690648791995
3134,423.42967943026406
3135,86.69945191920304
3136,188.67229021682655
3137,468.0017343815495
3138,127.23745100597749
3139,221.7227655066936
3140,102.79007626108117
3141,95.5794504246184
3142,275.06608545593014
3143,18.729883927349942
3144,285.8745977622695
3145,215.1245734686666
3146,241.21791432572596
3147,334.8967226335135
3148,366.9060387527066
3149,25.10660511778
3150,271.39198886303205
3151,77.67259407627068
3152,295.4288329217291
3153,34.74439349459428
3154,275.4331575621426
3155,75.61183483325007
3156,335.8439558921567
3157,331.03416366291196
3158,99.35331681980686
3159,478.32616032017506
3160,335.01719659186
3161,392.8344752513287
3162,442.41410310248347
3163,369.9006863538344
3164,43.06579865346177
3165,339.9127441497521
3166,42.6601113224059
3167,321.77840868031365
3168,372.18083746962543
3169,39.62890102446312
3170,237.61272101787657
3171,336.75685074773276
3172,93.55051175856676
3173,201.90038595798487
3174,102.82794959943452
3175,1108.9141644938966
3176,38.99290234142968
3177,344.85058429508626
3178,76.85032900709382
3179,329.77361514472267
3180,41.978687201498325
3181,219.90674798724095
3182,405.6189119582037
3183,368.567886866291
3184,31.909830907317545
3185,79.01433033514179
3186,342.7078897200704
3187,34.267025986640824
3188,434.7983323705168
3189,54.52086189416597
3190,212.41251109384376
3191,462.2054165598961
3192,31.50535532670325
3193,408.54612874544176
3194,34.87562739205175
3195,348.92631344802123
3196,111.80030301853488
3197,227.48821456579174
3198,268.5160209523253
3199,296.0026302272571
3200,81.07484171941067
3201,248.01349444596985
3202,392.34702886868996
3203,32.74232533794634
3204,274.58247570392524
3205,242.40292803503354
3206,295.1971362653758
3207,118.60153097235995
3208,100.59458161011243
3209,346.68600235514725
3210,275.8245627584639
3211,39.235734838031846
3212,286.07687950968335
3213,155.42555579681184
3214,319.3973101363068
3215,96.03300005845384
3216,101.67565293667066
3217,352.4279586655593
3218,104.46446232044278
3219,217.3070956708883
3220,256.49685925408676
3221,281.4290408375277
3222,236.7349229158404
3223,331.20656191973444
3224,68.09257088152783
3225,170.40326770710553
3226,84.78312999155744
3227,268.60229719157064
3228,84.78312999155744
3229,309.1962260097201
3230,50.034157675052235
3231,120.61044821446916
3232,336.95759123163174
3233,254.7720810082367
3234,328.5831702590092
3235,431.98584325314505
3236,95.46216992459942
3237,329.5706820421137
3238,22.2510269586669
3239,328.1258158156129
3240,78.95074771737865
3241,217.6405653958225
3242,277.80791462188216
3243,297.3823801139498
3244,208.66576372863443
3245,284.4117195972081
3246,397.37408087346483
3247,452.24207473723504
3248,440.29597958968753
3249,345.3191350913975
3250,306.3670997229553
3251,277.0156682389054
3252,37.636288215002295
3253,348.0359243803274
3254,36.90497534586353
3255,318.52907357234926
3256,370.96681446384144
3257,353.8758270757178
3258,43.58392427281599
3259,397.2178138365147
3260,381.6121136972057
3261,269.9287016339182
3262,312.770262567586
3263,427.70936102972604
3264,89.54188641830122
3265,118.90225586449534
3266,140.83811585055034
3267,328.22190336879913
3268,270.4173937446914
3269,357.0849658477271
3270,277.82854044082933
3271,406.4941897218538
3272,357.36558906368555
3273,200.64956989236802
3274,503.5631134762795
3275,38.15864056330957
3276,321.18658417646895
3277,339.28139906688443
3278,362.46903901360446
3279,386.26148201663096
3280,487.5908213759412
3281,37.085259269323714
3282,344.8670299837722
3283,517.9223852060222
3284,80.2234481209331
3285,320.05204559415705
3286,775.0085219200844
3287,673.1308229885759
3288,587.7201844285748
3289,452.4094985601843
3290,79.73821365845446
3291,405.3764842378496
3292,385.5036718116357
3293,335.84852536115494
3294,35.38157559917067
3295,278.2411046939977
3296,280.26372662539467
3297,352.39098514329584
3298,340.95270852074066
3299,28.784433710335847
3300,442.335918437121
3301,29.618862082862634
3302,425.5236910649156
3303,527.8621734664729
3304,480.1270468081123
3305,28.170358287425156
3306,95.29230559773656
3307,408.37562743400383
3308,71.36506276450456
3309,372.428522069208
3310,180.3619835682131
3311,238.98453187229816
3312,93.76483193912568
3313,291.8624596851625
3314,207.02809060972325
3315,200.8154115664896
3316,84.18942205718477
3317,187.2093108363257
3318,317.4866615726355
3319,76.2186669755069
3320,243.25327132008624
3321,282.71866662163023
3322,125.64771063105242
3323,100.62739348972663
3324,454.8406317293633
3325,474.47771522331715
3326,326.16578947538994
3327,125.21758089063216
3328,138.20123121703207
3329,148.39098233271275
3330,254.2904621413685
3331,303.054770835054
3332,45.82359899164382
3333,427.098383240318
3334,40.402216012096055
3335,306.86044395162776
3336,79.05441463352545
3337,151.8831090574994
3338,262.634301230153
3339,399.6051030270281
3340,225.03173098067023
3341,362.31592259440316
3342,229.04797684600445
3343,105.37147935037643
3344,308.7935989853942
3345,362.44773628483483
3346,125.33632580625947
3347,237.47531855409505
3348,281.39343240023294
3349,411.06374901930474
3350,259.2233062709761
3351,284.67933948503327
3352,53.67389350728014
3353,527.1494621409443
3354,20.412549546700916
3355,305.3536480841471
3356,32.82970388980521
3357,275.1312747835355
3358,151.71065849153692
3359,442.0232273983447
3360,63.16998754840832
3361,375.8654871329705
3362,698.7117189811455
3363,980.6724533270844
3364,418.4664692367427
3365,420.30807670659374
3366,45.876980337163
3367,713.6846976739982
3368,444.6462452840144
3369,504.90552488783663
3370,317.8379259461774
3371,359.0897251411839
3372,37.91356130689255
3373,126.21073823920781
3374,722.9973642306747
3375,302.422909674665
3376,409.83518460506355
3377,507.52346595456606
3378,333.98919770291144
3379,380.7992505721793
3380,406.9972085918508
3381,87.84259463937445
3382,433.6466575726367
3383,268.55210629172564
3384,729.8030721387922
3385,452.91898408669454
3386,291.5261524286089
3387,464.70092462934855
3388,44.84451505899193
3389,401.31581229845256
3390,397.7360200967491
3391,392.23038911791906
3392,766.4009818351033
3393,296.65578376749124
3394,245.865317618588
3395,432.06676583351964
3396,38.10747826080875
3397,244.2567161675158
3398,365.79280731796143
3399,513.0633333727418
3400,553.5999874858065
3401,348.6559714611472
3402,408.0363005827635
3403,416.84143037645873
3404,56.461182766779984
3405,148.39035393684162
3406,747.1250540111453
3407,164.18686733971015
3408,411.1632600965914
3409,504.3305445372009
3410,50.922114164400085
3411,521.1616700413207
3412,50.28346572845028
3413,231.26594830646332
3414,143.9889950418276
3415,315.87179542578554
3416,356.24333518002885
3417,273.5346918316869
3418,310.05595455708635
3419,50.253537236674745
3420,291.722004656633
3421,350.82874293379916
3422,31.77922149545126
3423,114.29763054027356
3424,731.0161413753409
3425,309.9714697931484
3426,32.000381973023785
3427,371.0895694869797
3428,302.78446116639475
3429,423.826052139895
3430,41.82854224288343
3431,291.92565602044505
3432,59.40620501023054
3433,459.6034422261694
3434,155.01727141577538
3435,419.50183801107096
3436,385.57257936368757
3437,397.90085673537374
3438,303.8549905465001
3439,479.58518325607196
3440,410.8080685520997
3441,582.393418022269
3442,449.78712280639405
3443,712.0176288353304
3444,69.0970863233244
3445,308.41822197771745
3446,75.0795733653354
3447,465.48825796806267
3448,475.9961800240815
3449,64.50162338319713
3450,355.497106465972
3451,74.88334591479736
3452,331.00485812662833
3453,144.4220533387023
3454,245.20051650800417
3455,109.56181526016601
3456,455.05258216190066
3457,48.29159228192287
3458,392.94848807937024
3459,47.467534012202535
3460,141.99053624755226
3461,435.93536658307437
3462,256.4682659433139
3463,415.227175483123
3464,265.7641545475125
3465,132.17416592844145
3466,226.71354008835652
3467,393.0971256216618
3468,376.9387056146768
3469,30.448223366951634
3470,408.3782807906247
3471,35.65181525708
3472,117.6907364506609
3473,409.24837325702964
3474,90.01333642924217
3475,455.8019046005154
3476,369.8361913512506
3477,49.6061658735713
3478,434.3272618547841
3479,329.87649420730776
3480,26.65470473752762
3481,278.50395413231297
3482,105.00868150364597
3483,466.42077667804307
3484,454.5396048426017
3485,386.88576220952234
3486,492.52461475840994
3487,246.97355955366507
3488,340.79462124731134
3489,434.5732714503888
3490,473.46799166315435
3491,403.56321690559827
3492,323.8197496037791
3493,282.67601499635674
3494,75.87083965705371
3495,311.0092763926599
3496,351.82351700768146
3497,401.9181607730067
3498,60.97335288389674
3499,305.2920704038939
3500,439.30730089545017
3501,52.134865939915045
3502,440.3646693454146
3503,92.53228121447486
3504,348.1235742316035
3505,329.696296709212
3506,130.40313023117258
3507,110.90746496802701
3508,308.90880794568693
3509,85.52230886469711
3510,386.2952411637056
3511,363.38928813455857
3512,284.49726974469706
3513,267.071696896853
3514,17.680155751544508
3515,272.31782741710117
3516,554.9950364811159
3517,254.3733068238554
3518,235.94194883306866
3519,61.931782176836485
3520,199.63931560343514
3521,293.2051670837777
3522,338.5357355277488
3523,308.27857123589786
3524,16.809451842704718
3525,264.14386859048346
3526,329.02672848606875
3527,35.86308948118809
3528,309.99607588290957
3529,40.47888631548497
3530,146.2371364509261
3531,399.91967846168217
3532,71.59675202418653
3533,172.78586519387028
3534,115.38314879266827
3535,299.0439154235995
3536,136.9555176442408
3537,85.24654729210222
3538,252.26200650816375
3539,282.73455366147743
3540,59.688136347978535
3541,420.8606124680839
3542,48.625175643445665
3543,144.89589221828118
3544,386.6241696979427
3545,37.77568316583396
3546,396.160565119618
3547,557.1145691607555
3548,119.09037415745148
3549,486.7795910849823
3550,35.84372794265154
3551,352.3220318291137
3552,248.72033207101748
3553,556.9557528289556
3554,251.8693825811145
3555,297.3148623201454
3556,375.9464253213702
3557,115.4414348597042
3558,346.94294733346936
3559,32.56528500181142
3560,637.2536494281239
3561,38.649043945559214
3562,133.12138712895668
3563,423.1985921935569
3564,425.32941568058664
3565,209.42530666726813
3566,278.8083648426001
3567,238.77234036348912
3568,453.2925889861582
3569,46.39199928359802
3570,327.45484062137297
3571,91.52855716445501
3572,328.0053714744083
3573,304.34968947059474
3574,113.99860419968611
3575,350.9039615182958
3576,297.902970998087
3577,243.83444554155184
3578,340.96689557250585
3579,222.54209099546694
3580,734.2348389083558
3581,361.81693766436666
3582,694.016448068513
3583,406.1312255548399
3584,323.7240146706833
3585,24.556066087064174
3586,359.0779475354374
3587,328.80600553197274
3588,322.7670456534992
3589,385.8895500589661
3590,28.481440594047783
3591,399.0255929591453
3592,331.9113732528317
3593,363.01078617213443
3594,340.5824407563506
3595,427.51741938982497
3596,198.2177007022765
3597,290.50096505162384
3598,415.5381328592385
3599,179.83581087530297
3600,370.6494411497861
3601,193.94310260820373
3602,230.26289824386757
3603,272.9214350842262
3604,53.97145434714276
3605,203.00083854076894
3606,310.67811884250074
3607,217.61018382233718
3608,300.0453871461937
3609,38.1870500977932
3610,78.4599131335411
3611,125.39068902903551
3612,169.64641683533335
3613,291.1910806439598
3614,263.69856011708373
3615,66.70369761152136
3616,253.7622300513743
3617,109.05362133961938
3618,407.58203741015274
3619,151.5874491583542
3620,304.6314186725232
3621,30.02699176760333
3622,280.22392385671844
3623,75.01958780844033
3624,442.3252947318696
3625,44.281754611961425
3626,312.6261629832297
3627,91.87852274035743
3628,375.3324988220243
3629,186.48598172156662
3630,350.6531649738508
3631,274.1278824541652
3632,71.76020979317498
3633,296.64959583192444
3634,110.36468510195168
3635,414.97075905363477
3636,497.5328841711941
3637,54.34588608526397
3638,291.52613594598006
3639,99.54653461357125
3640,124.53253294673247
3641,212.92553667814383
3642,123.6429957841432
3643,171.99497390074893
3644,89.04308669209587
3645,362.41623436853484
3646,42.56527262955782
3647,240.73974225536813
3648,262.89700974413086
3649,382.8759932463144
3650,43.06083368251021
3651,367.88110004837216
3652,95.7738415762069
3653,387.78774250865365
3654,57.067017305613604
3655,319.2751798251411
3656,115.59977849756673
3657,151.55723172545964
3658,381.4512406966608
3659,87.82200498608175
3660,343.32061883301293
3661,120.70896064368384
3662,107.29398582218262
3663,300.90501188105077
3664,348.9037280240799
3665,317.0747200020076
3666,485.867226250496
3667,137.96826626369747
3668,114.94907926659779
3669,239.87539031628535
3670,360.586896846327
3671,352.6572676853482
3672,290.00532885673454
3673,37.197418684452394
3674,317.6740699602691
3675,51.89195797918984
3676,345.5594765787474
3677,278.7713091882932
3678,128.9870987219626
3679,471.35675498997676
3680,64.21669750262457
3681,356.12491415597214
3682,835.3201694315876
3683,304.9796779493877
3684,27.79099946160736
3685,440.72521621214963
3686,256.62644784345076
3687,134.7708329145159
3688,365.35527051321714
3689,64.1578132747793
3690,379.7979691414162
3691,88.81563066827874
3692,205.91905452662013
3693,178.8202482528264
3694,452.7743601562341
3695,387.1088244483494
3696,101.27096821564639
3697,633.4338769630918
3698,291.4246466990416
3699,31.934866650132705
3700,221.20056523539995
3701,276.3370988587734
3702,8.220402611808987
3703,245.50376765128408
3704,338.59999983753687
3705,10.48107584710446
3706,275.7562629580601
3707,387.20695778210836
3708,417.2831320880377
3709,303.3658669613944
3710,344.8679077962672
3711,34.757849512838355
3712,249.8979438744118
3713,100.08279073606248
3714,585.5732837289708
3715,298.5641111704584
3716,342.61041659752124
3717,350.4350486751809
3718,544.9880691618199
3719,41.726616890745866
3720,348.8731994699173
3721,231.04133062027034
3722,63.20208057848368
3723,409.5067067611221
3724,368.1485550903372
3725,44.343075575276
3726,339.67411523580506
3727,63.68109085124703
3728,322.40588315193764
3729,226.78474328836444
3730,132.08134315514266
3731,204.19593059206295
3732,106.79676648118065
3733,281.31472961776836
3734,134.71317591646118
3735,406.440260915853
3736,41.750930885441086
3737,301.7801185763905
3738,359.69185334459655
3739,22.007321585997104
3740,288.98700798388086
3741,437.4949643457726
3742,41.24654158344636
3743,350.8018391351885
3744,281.8525551517273
3745,480.0121198671977
3746,44.29983724601804
3747,298.34913044898565
3748,328.17819331223615
3749,103.23927838724035
3750,145.83969504752963
3751,259.4871708269629
3752,360.36199874598
3753,378.12694137923893
3754,37.4820683110854
3755,409.93586819741097
3756,37.66095631182194
3757,219.4788066477502
3758,423.7740446535776
3759,32.831897333922996
3760,386.0857085785832
3761,30.04392923836961
3762,216.20820813903126
3763,126.08243358679913
3764,428.9473865473476
3765,27.91855088147883
3766,206.96631161824536
3767,409.60997268284774
3768,494.6599030606291
3769,436.55168822545227
0,284.49726974469706
1,29.165222758968174
2,203.903253660381
3,-50.800991083870876
4,365.76188361761535
5,26.32654568805172
6,285.17838907029136
7,254.66978369082813
8,241.88148896292572
9,272.567419932342
10,263.50144717742575
11,21.16491512905465
12,169.12208920284436
13,263.04043145430785
14,53.618719495130556
15,223.14644398000326
16,156.13307912473465
17,193.71097953794765
18,337.35068440939125
19,509.50668316468835
20,48.48819828751568
21,260.1515884535682
22,341.3487223354959
23,214.8530254136944
24,278.0925974121072
25,60.27464592057831
26,217.24522653582156
27,191.60984864537002
28,103.7278118069347
29,83.85061794612172
30,375.8318881524956
31,41.63507736698308
32,259.67516307847524
33,477.21152132238603
34,22.5619118766097
35,341.52061513450815
36,55.289652592296825
37,340.7369013194131
38,42.93748812722119
39,322.2676529132971
40,54.91606824241504
41,412.1744615531343
42,119.53312474300614
43,280.136903669931
44,333.3437493535345
45,35.56783095838189
46,153.37649064006263
47,325.15598118417125
48,35.68283807752305
49,189.58451496052186
50,141.75548612511173
51,286.57586342256116
52,249.87519692235907
53,52.185656972236885
54,322.54232330514725
55,76.23397698214914
56,278.59573342925876
57,254.02001420698915
58,59.45858644777436
59,465.91511792745854
60,36.0869031168295
61,250.94297780018388
62,95.8426866573896
63,380.0033812335242
64,189.17052390048235
65,266.3659803108414
66,53.60306934183752
67,203.2061323578301
68,179.74405901651235
69,358.5399929301664
70,28.754361876258542
71,340.0494803494416
72,25.20884709149534
73,325.1288426549392
74,325.1993668441753
75,303.2899641609499
76,111.52765520547693
77,123.12899264844715
78,72.43745241658466
79,321.05265549450763
80,21.31745442743109
81,406.07669532288907
82,197.0399602236309
83,265.7426789923581
84,24.43778453515861
85,336.8294803276337
86,95.23864048208156
87,190.5957842695088
88,277.2793004834765
89,252.4747565974114
90,346.1306085955843
91,38.92974048226524
92,166.85774046821902
93,394.5567963736929
94,320.62261599153874
95,407.91802256895517
96,286.7115949533497
97,362.86902847533776
98,333.1714262090242
99,35.3828580400346
100,320.8499151000638
101,35.687804489220106
102,367.7290374234009
103,212.62687690216154
104,372.1904565657965
105,82.14228335837517
106,166.6664666965106
107,293.5125106987893
108,48.70019223316871
109,257.89942095425573
110,426.1359458252332
111,51.69799390600446
112,413.36705701601596
113,45.27915368170973
114,205.1861480162982
115,370.1462965578543
116,513.9750374984411
117,438.7583038300599
118,150.25512360020537
119,107.20954632548583
120,177.72612839547097
121,118.60439351451625
122,297.7068370917599
123,325.383541028009
124,373.7191071360123
125,126.60574437306748
126,507.78981349897737
127,42.51060365075777
128,220.24435696246115
129,219.8144474051551
130,375.9140453367035
131,49.81457704640494
132,323.33303212896124
133,64.88861355730693
134,200.854729946004
135,117.8488458253735
136,291.18203762393335
137,347.46539398919106
138,366.6558388196478
139,406.3008948759121
140,352.30383719359577
141,140.39924722598275
142,176.93468537847372
143,342.5515078453317
144,481.0551083550474
145,396.6709871972793
146,35.890262545538576
147,403.0121873443292
148,18.228907210950236
149,389.36118837797505
150,272.1496433308962
151,39.87359051189525
152,254.72302633160228
153,417.6947046750272
154,216.56568132532323
155,352.74057661359143
156,403.01906046614516
157,426.8690648791995
158,423.42967943026406
159,86.69945191920304
160,188.67229021682655
161,468.0017343815495
162,127.23745100597749
163,221.7227655066936
164,102.79007626108117
165,95.5794504246184
166,275.06608545593014
167,18.729883927349942
168,285.8745977622695
169,215.1245734686666
170,241.21791432572596
171,334.8967226335135
172,366.9060387527066
173,25.10660511778
174,271.39198886303205
175,77.67259407627068
176,295.4288329217291
177,34.74439349459428
178,275.4331575621426
179,75.61183483325007
180,335.8439558921567
181,331.03416366291196
182,99.35331681980686
183,478.32616032017506
184,335.01719659186
185,392.8344752513287
186,442.41410310248347
187,369.9006863538344
188,43.06579865346177
189,339.9127441497521
190,42.6601113224059
191,321.77840868031365
192,372.18083746962543
193,39.62890102446312
194,237.61272101787657
195,336.75685074773276
196,93.55051175856676
197,201.90038595798487
198,102.82794959943452
199,1108.9141644938966
200,38.99290234142968
201,344.85058429508626
202,76.85032900709382
203,329.77361514472267
204,41.978687201498325
205,219.90674798724095
206,405.6189119582037
207,368.567886866291
208,31.909830907317545
209,79.01433033514179
210,342.7078897200704
211,34.267025986640824
212,434.7983323705168
213,54.52086189416597
214,212.41251109384376
215,462.2054165598961
216,31.50535532670325
217,408.54612874544176
218,34.87562739205175
219,348.92631344802123
220,111.80030301853488
221,227.48821456579174
222,268.5160209523253
223,296.0026302272571
224,81.07484171941067
225,248.01349444596985
226,392.34702886868996
227,32.74232533794634
228,274.58247570392524
229,242.40292803503354
230,295.1971362653758
231,118.60153097235995
232,100.59458161011243
233,346.68600235514725
234,275.8245627584639
235,39.235734838031846
236,286.07687950968335
237,155.42555579681184
238,319.3973101363068
239,96.03300005845384
240,101.67565293667066
241,352.4279586655593
242,104.46446232044278
243,217.3070956708883
244,256.49685925408676
245,281.4290408375277
246,236.7349229158404
247,331.20656191973444
248,68.09257088152783
249,170.40326770710553
250,84.78312999155744
251,268.60229719157064
252,84.78312999155744
253,309.1962260097201
254,50.034157675052235
255,120.61044821446916
256,336.95759123163174
257,254.7720810082367
258,328.5831702590092
259,431.98584325314505
260,95.46216992459942
261,329.5706820421137
262,22.2510269586669
263,328.1258158156129
264,78.95074771737865
265,217.6405653958225
266,277.80791462188216
267,297.3823801139498
268,208.66576372863443
269,284.4117195972081
270,397.37408087346483
271,452.24207473723504
272,440.29597958968753
273,345.3191350913975
274,306.3670997229553
275,277.0156682389054
276,37.636288215002295
277,348.0359243803274
278,36.90497534586353
279,318.52907357234926
280,370.96681446384144
281,353.8758270757178
282,43.58392427281599
283,397.2178138365147
284,381.6121136972057
285,269.9287016339182
286,312.770262567586
287,427.70936102972604
288,89.54188641830122
289,118.90225586449534
290,140.83811585055034
291,328.22190336879913
292,270.4173937446914
293,357.0849658477271
294,277.82854044082933
295,406.4941897218538
296,357.36558906368555
297,200.64956989236802
298,503.5631134762795
299,38.15864056330957
300,321.18658417646895
301,339.28139906688443
302,362.46903901360446
303,386.26148201663096
304,487.5908213759412
305,37.085259269323714
306,344.8670299837722
307,517.9223852060222
308,80.2234481209331
309,320.05204559415705
310,775.0085219200844
311,673.1308229885759
312,587.7201844285748
313,452.4094985601843
314,79.73821365845446
315,405.3764842378496
316,385.5036718116357
317,335.84852536115494
318,35.38157559917067
319,278.2411046939977
320,280.26372662539467
321,352.39098514329584
322,340.95270852074066
323,28.784433710335847
324,442.335918437121
325,29.618862082862634
326,425.5236910649156
327,527.8621734664729
328,480.1270468081123
329,28.170358287425156
330,95.29230559773656
331,408.37562743400383
332,71.36506276450456
333,372.428522069208
334,180.3619835682131
335,238.98453187229816
336,93.76483193912568
337,291.8624596851625
338,207.02809060972325
339,200.8154115664896
340,84.18942205718477
341,187.2093108363257
342,317.4866615726355
343,76.2186669755069
344,243.25327132008624
345,282.71866662163023
346,125.64771063105242
347,100.62739348972663
348,454.8406317293633
349,474.47771522331715
350,326.16578947538994
351,125.21758089063216
352,138.20123121703207
353,148.39098233271275
354,254.2904621413685
355,303.054770835054
356,45.82359899164382
357,427.098383240318
358,40.402216012096055
359,306.86044395162776
360,79.05441463352545
361,151.8831090574994
362,262.634301230153
363,399.6051030270281
364,225.03173098067023
365,362.31592259440316
366,229.04797684600445
367,105.37147935037643
368,308.7935989853942
369,362.44773628483483
370,125.33632580625947
371,237.47531855409505
372,281.39343240023294
373,411.06374901930474
374,259.2233062709761
375,284.67933948503327
376,53.67389350728014
377,527.1494621409443
378,20.412549546700916
379,305.3536480841471
380,32.82970388980521
381,275.1312747835355
382,151.71065849153692
383,442.0232273983447
384,63.16998754840832
385,375.8654871329705
386,698.7117189811455
387,980.6724533270844
388,418.4664692367427
389,420.30807670659374
390,45.876980337163
391,713.6846976739982
392,444.6462452840144
393,504.90552488783663
394,317.8379259461774
395,359.0897251411839
396,37.91356130689255
397,126.21073823920781
398,722.9973642306747
399,302.422909674665
400,409.83518460506355
401,507.52346595456606
402,333.98919770291144
403,380.7992505721793
404,406.9972085918508
405,87.84259463937445
406,433.6466575726367
407,268.55210629172564
408,729.8030721387922
409,452.91898408669454
410,291.5261524286089
411,464.70092462934855
412,44.84451505899193
413,401.31581229845256
414,397.7360200967491
415,392.23038911791906
416,766.4009818351033
417,296.65578376749124
418,245.865317618588
419,432.06676583351964
420,38.10747826080875
421,244.2567161675158
422,365.79280731796143
423,513.0633333727418
424,553.5999874858065
425,348.6559714611472
426,408.0363005827635
427,416.84143037645873
428,56.461182766779984
429,148.39035393684162
430,747.1250540111453
431,164.18686733971015
432,411.1632600965914
433,504.3305445372009
434,50.922114164400085
435,521.1616700413207
436,50.28346572845028
437,231.26594830646332
438,143.9889950418276
439,315.87179542578554
440,356.24333518002885
441,273.5346918316869
442,310.05595455708635
443,50.253537236674745
444,291.722004656633
445,350.82874293379916
446,31.77922149545126
447,114.29763054027356
448,731.0161413753409
449,309.9714697931484
450,32.000381973023785
451,371.0895694869797
452,302.78446116639475
453,423.826052139895
454,41.82854224288343
455,291.92565602044505
456,59.40620501023054
457,459.6034422261694
458,155.01727141577538
459,419.50183801107096
460,385.57257936368757
461,397.90085673537374
462,303.8549905465001
463,479.58518325607196
464,410.8080685520997
465,582.393418022269
466,449.78712280639405
467,712.0176288353304
468,69.0970863233244
469,308.41822197771745
470,75.0795733653354
471,465.48825796806267
472,475.9961800240815
473,64.50162338319713
474,355.497106465972
475,74.88334591479736
476,331.00485812662833
477,144.4220533387023
478,245.20051650800417
479,109.56181526016601
480,455.05258216190066
481,48.29159228192287
482,392.94848807937024
483,47.467534012202535
484,141.99053624755226
485,435.93536658307437
486,256.4682659433139
487,415.227175483123
488,265.7641545475125
489,132.17416592844145
490,226.71354008835652
491,393.0971256216618
492,376.9387056146768
493,30.448223366951634
494,408.3782807906247
495,35.65181525708
496,117.6907364506609
497,409.24837325702964
498,90.01333642924217
499,455.8019046005154
500,369.8361913512506
501,49.6061658735713
502,434.3272618547841
503,329.87649420730776
504,26.65470473752762
505,278.50395413231297
506,105.00868150364597
507,466.42077667804307
508,454.5396048426017
509,386.88576220952234
510,492.52461475840994
511,246.97355955366507
512,340.79462124731134
513,434.5732714503888
514,473.46799166315435
515,403.56321690559827
516,323.8197496037791
517,282.67601499635674
518,75.87083965705371
519,311.0092763926599
520,351.82351700768146
521,401.9181607730067
522,60.97335288389674
523,305.2920704038939
524,439.30730089545017
525,52.134865939915045
526,440.3646693454146
527,92.53228121447486
528,348.1235742316035
529,329.696296709212
530,130.40313023117258
531,110.90746496802701
532,308.90880794568693
533,85.52230886469711
534,386.2952411637056
535,363.38928813455857
536,284.49726974469706
537,267.071696896853
538,17.680155751544508
539,272.31782741710117
540,554.9950364811159
541,254.3733068238554
542,235.94194883306866
543,61.931782176836485
544,199.63931560343514
545,293.2051670837777
546,338.5357355277488
547,308.27857123589786
548,16.809451842704718
549,264.14386859048346
550,329.02672848606875
551,35.86308948118809
552,309.99607588290957
553,40.47888631548497
554,146.2371364509261
555,399.91967846168217
556,71.59675202418653
557,172.78586519387028
558,115.38314879266827
559,299.0439154235995
560,136.9555176442408
561,85.24654729210222
562,252.26200650816375
563,282.73455366147743
564,59.688136347978535
565,420.8606124680839
566,48.625175643445665
567,144.89589221828118
568,386.6241696979427
569,37.77568316583396
570,396.160565119618
571,557.1145691607555
572,119.09037415745148
573,486.7795910849823
574,35.84372794265154
575,352.3220318291137
576,248.72033207101748
577,556.9557528289556
578,251.8693825811145
579,297.3148623201454
580,375.9464253213702
581,115.4414348597042
582,346.94294733346936
583,32.56528500181142
584,637.2536494281239
585,38.649043945559214
586,133.12138712895668
587,423.1985921935569
588,425.32941568058664
589,209.42530666726813
590,278.8083648426001
591,238.77234036348912
592,453.2925889861582
593,46.39199928359802
594,327.45484062137297
595,91.52855716445501
596,328.0053714744083
597,304.34968947059474
598,113.99860419968611
599,350.9039615182958
600,297.902970998087
601,243.83444554155184
602,340.96689557250585
603,222.54209099546694
604,734.2348389083558
605,361.81693766436666
606,694.016448068513
607,406.1312255548399
608,323.7240146706833
609,24.556066087064174
610,359.0779475354374
611,328.80600553197274
612,322.7670456534992
613,385.8895500589661
614,28.481440594047783
615,399.0255929591453
616,331.9113732528317
617,363.01078617213443
618,340.5824407563506
619,427.51741938982497
620,198.2177007022765
621,290.50096505162384
622,415.5381328592385
623,179.83581087530297
624,370.6494411497861
625,193.94310260820373
626,230.26289824386757
627,272.9214350842262
628,53.97145434714276
629,203.00083854076894
630,310.67811884250074
631,217.61018382233718
632,300.0453871461937
633,38.1870500977932
634,78.4599131335411
635,125.39068902903551
636,169.64641683533335
637,291.1910806439598
638,263.69856011708373
639,66.70369761152136
640,253.7622300513743
641,109.05362133961938
642,407.58203741015274
643,151.5874491583542
644,304.6314186725232
645,30.02699176760333
646,280.22392385671844
647,75.01958780844033
648,442.3252947318696
649,44.281754611961425
650,312.6261629832297
651,91.87852274035743
652,375.3324988220243
653,186.48598172156662
654,350.6531649738508
655,274.1278824541652
656,71.76020979317498
657,296.64959583192444
658,110.36468510195168
659,414.97075905363477
660,497.5328841711941
661,54.34588608526397
662,291.52613594598006
663,99.54653461357125
664,124.53253294673247
665,212.92553667814383
666,123.6429957841432
667,171.99497390074893
668,89.04308669209587
669,362.41623436853484
670,42.56527262955782
671,240.73974225536813
672,262.89700974413086
673,382.8759932463144
674,43.06083368251021
675,367.88110004837216
676,95.7738415762069
677,387.78774250865365
678,57.067017305613604
679,319.2751798251411
680,115.59977849756673
681,151.55723172545964
682,381.4512406966608
683,87.82200498608175
684,343.32061883301293
685,120.70896064368384
686,107.29398582218262
687,300.90501188105077
688,348.9037280240799
689,317.0747200020076
690,485.867226250496
691,137.96826626369747
692,114.94907926659779
693,239.87539031628535
694,360.586896846327
695,352.6572676853482
696,290.00532885673454
697,37.197418684452394
698,317.6740699602691
699,51.89195797918984
700,345.5594765787474
701,278.7713091882932
702,128.9870987219626
703,471.35675498997676
704,64.21669750262457
705,356.12491415597214
706,835.3201694315876
707,304.9796779493877
708,27.79099946160736
709,440.72521621214963
710,256.62644784345076
711,134.7708329145159
712,365.35527051321714
713,64.1578132747793
714,379.7979691414162
715,88.81563066827874
716,205.91905452662013
717,178.8202482528264
718,452.7743601562341
719,387.1088244483494
720,101.27096821564639
721,633.4338769630918
722,291.4246466990416
723,31.934866650132705
724,221.20056523539995
725,276.3370988587734
726,8.220402611808987
727,245.50376765128408
728,338.59999983753687
729,10.48107584710446
730,275.7562629580601
731,387.20695778210836
732,417.2831320880377
733,303.3658669613944
734,344.8679077962672
735,34.757849512838355
736,249.8979438744118
737,100.08279073606248
738,585.5732837289708
739,298.5641111704584
740,342.61041659752124
741,350.4350486751809
742,544.9880691618199
743,41.726616890745866
744,348.8731994699173
745,231.04133062027034
746,63.20208057848368
747,409.5067067611221
748,368.1485550903372
749,44.343075575276
750,339.67411523580506
751,63.68109085124703
752,322.40588315193764
753,226.78474328836444
754,132.08134315514266
755,204.19593059206295
756,106.79676648118065
757,281.31472961776836
758,134.71317591646118
759,406.440260915853
760,41.750930885441086
761,301.7801185763905
762,359.69185334459655
763,22.007321585997104
764,288.98700798388086
765,437.4949643457726
766,41.24654158344636
767,350.8018391351885
768,281.8525551517273
769,480.0121198671977
770,44.29983724601804
771,298.34913044898565
772,328.17819331223615
773,103.23927838724035
774,145.83969504752963
775,259.4871708269629
776,360.36199874598
777,378.12694137923893
778,37.4820683110854
779,409.93586819741097
780,37.66095631182194
781,219.4788066477502
782,423.7740446535776
783,32.831897333922996
784,386.0857085785832
785,30.04392923836961
786,216.20820813903126
787,126.08243358679913
788,428.9473865473476
789,27.91855088147883
790,206.96631161824536
791,409.60997268284774
792,494.6599030606291
793,436.55168822545227
3770,268.80268706217254
3771,33.56116713976032
3772,279.15556804949625
3773,203.59821128204726
3774,307.240231766107
3775,294.0720174117909
3776,275.4878815067492
3777,418.0842544921945
3778,385.4922631556536
3779,34.75332817604476
3780,306.62780429405103
3781,37.101483217415094
3782,512.3621440418209
3783,42.34562477379287
3784,376.88988928077606
3785,228.30061392474872
3786,506.84625313076424
3787,43.526614858530586
3788,292.3948847443281
3789,468.00881609447816
3790,33.61913790647997
3791,488.4631113797005
3792,443.4042021845286
3793,441.0596319919633
3794,22.4165036005675
3795,371.194244422657
3796,427.69686159399396
3797,541.079644357099
3798,38.40603540570994
3799,385.39526920371117
3800,379.03160289120285
3801,183.73762679730618
3802,103.09431720544715
3803,407.02225115695256
3804,384.56808209069027
3805,349.68281445329796
3806,44.84165218333422
3807,564.5093279536658
3808,37.36698525351234
3809,287.5775416189522
3810,468.9814785919069
3811,277.39979213801735
3812,468.3485705041904
3813,38.35793493606147
3814,467.1000388080363
3815,418.37378239181135
3816,40.8629082182111
3817,322.79021271053216
3818,478.82765555425567
3819,356.93935985168764
3820,432.7177514019381
3821,347.9680749165834
3822,30.579209232213213
3823,375.4278515786148
3824,248.80588357152277
3825,175.69840233169535
3826,203.19407847676243
3827,339.2723457157698
3828,10.843523116345047
3829,377.1945041475233
3830,310.5164152379081
3831,35.95501508195878
3832,284.9562873834006
3833,369.89433423665184
3834,126.68908850094364
3835,582.7934360027542
3836,525.9182584910396
3837,344.81650102059217
3838,19.259006802994932
3839,274.6326171360333
3840,111.91065809853076
3841,235.27148239990106
3842,25.792822016373936
3843,464.9720977745898
3844,85.31952003928087
3845,95.65158754491988
3846,110.2178300250218
3847,402.17220123621865
3848,36.38743749747394
3849,78.93383778575327
3850,243.96875747676052
3851,364.7932028131061
3852,651.9879628887289
3853,463.2474638977734
3854,40.302760876447635
3855,440.4312285067183
3856,39.146537644590445
3857,315.82901188629324
3858,131.41000046828992
3859,558.6038737453799
3860,38.08720485808683
3861,513.5371422880733
3862,38.283712729638395
3863,404.8682827605933
3864,224.60673854868799
3865,401.81300423012567
3866,39.16345482477813
3867,337.48178268220414
3868,132.42281969712275
3869,473.4277862571341
3870,37.653344107111316
3871,445.36837859214063
3872,238.1364535773885
3873,336.66653702433683
3874,474.06579446869574
3875,529.6202355444549
3876,37.797001019594255
3877,278.2779103480775
3878,453.9085699599742
3879,19.676323792445334
3880,402.02770481703413
3881,328.6971758630095
3882,327.42523080908865
3883,436.8598077569579
3884,30.368063043857973
3885,365.8626613451005
3886,305.19815143315924
3887,206.2318340575975
3888,473.54084614967604
3889,16.729751189883796
3890,267.75328245652685
3891,432.5387285731848
3892,24.957402743150926
3893,209.00352852836826
3894,421.59476980964695
3895,442.5252211270432
3896,506.35798758721376
3897,399.67848408065004
3898,323.038354206735
3899,55.59453481121521
3900,331.72249165519264
3901,253.27970675837662
3902,19.56099530985307
3903,315.61970697918804
3904,24.28210134106764
3905,301.287621416461
3906,191.2629129973213
3907,422.2301869253672
3908,26.868786453042077
3909,245.7492489248136
3910,357.7176119270929
3911,532.6890155295249
3912,284.23728440043703
3913,359.3443174710417
3914,79.19342387301899
3915,341.5699843371833
3916,45.45344600725809
3917,349.34999314032837
3918,445.44564247415167
3919,166.3437862916755
3920,102.8611402285594
3921,363.1939579734103
3922,274.51207615471225
3923,327.7996831856162
3924,57.53775889761081
3925,372.47783317261093
3926,562.7532664470046
3927,96.70976617135314
3928,196.3012432365029
3929,216.50165363309443
3930,85.61141306213864
3931,464.828769214354
3932,584.2917192997935
3933,36.217312292533315
3934,374.9403890815942
3935,301.73683197851193
3936,485.18501945812324
3937,35.84372794265154
3938,278.62108247280236
3939,483.148652167254
3940,552.8073434920444
3941,431.4547330422382
3942,56.02558115186036
3943,404.0656078212299
3944,358.2156770224872
3945,32.245337153202776
3946,371.3532191236345
3947,289.7702565616781
3948,40.9393996575121
3949,400.4716158277202
3950,151.50838408574185
3951,344.13630611028736
3952,78.31311929010876
3953,213.20489232032804
3954,267.4947485163969
3955,55.67147296056063
3956,503.4340318489766
3957,295.9654771880068
3958,474.48684993681115
3959,429.3241004423608
3960,19.471395134278776
3961,392.08721336688797
3962,31.81052129222471
3963,76.50416721040843
3964,483.885719045614
3965,326.57091419091813
3966,32.221550265511205
3967,308.03968278460275
3968,227.2094652464642
3969,383.3690658530611
3970,25.626084599505855
3971,71.39171382289543
3972,339.761694436454
3973,380.6376915635495
3974,326.89263828629333
3975,24.13882857905366
3976,345.9300270874901
3977,22.068780318079575
3978,366.5112171113021
3979,381.38781430390844
3980,303.91980914431485
3981,100.7390693522953
3982,337.69964472774245
3983,65.25211766366243
3984,94.5174964606821
3985,344.1274514470039
3986,20.16594112445918
3987,358.77714978972546
3988,402.44879577284894
3989,439.7471047258656
3990,137.61353217260006
3991,330.3237448342458
3992,260.5558711654401
3993,522.5324841043391
3994,325.6835442385043
3995,50.747726974765904
3996,342.73875323982304
3997,134.43401478696498
3998,323.95275267413365
3999,24.801645054202435
4000,266.40314729852435
4001,292.72089866991996
4002,194.63979554318803
4003,380.5380119139107
4004,303.9212475069182
4005,34.25322963448457
4006,312.62887852720434
4007,342.7136562179658
4008,36.05959735273966
4009,372.36055801483576
4010,434.4837732514355
4011,138.24123031346397
4012,752.8701112517043
4013,142.00810983591794
4014,167.5907110607942
4015,339.6048829817092
4016,123.36658989555733
4017,380.6126926296824
4018,84.90569057748917
4019,406.9025731333595
4020,24.702041841513818
4021,398.6184165510454
4022,310.9206458777616
4023,45.93864657435699
4024,428.4327760320557
4025,32.48376611971969
4026,376.2581734288995
4027,35.69776857939851
4028,283.7088871641092
4029,318.0445854706936
4030,148.50947113144267
4031,96.34141207064576
4032,357.3676105146206
4033,266.87435960324285
4034,343.7995417157348
4035,463.95248128488015
4036,315.1147575988474
4037,34.89827054687983
4038,512.5801762029822
4039,283.6858584127316
4040,220.92126366777697
4041,174.49493548149724
4042,99.14391713524947
4043,352.81270250907676
4044,356.7225746857907
4045,436.05964687603546
4046,19.928173180019108
4047,513.5906418852442
4048,424.06625816141224
4049,36.84343076327528
4050,222.59771959322396
4051,476.1215275846515
4052,35.163143727182785
4053,413.29052322750124
4054,33.92762376027427
4055,291.01020492541943
4056,58.14946292108526
4057,443.72568754352875
4058,354.4900547289681
4059,71.92131538083956
4060,173.70096324505775
4061,163.945820375154
4062,362.65884333852637
4063,291.77973126492327
4064,367.5944411188061
4065,154.7227062756436
4066,339.27250574740367
4067,24.302421904554492
4068,355.64864301404305
4069,358.48371436799806
4070,22.25418748223341
4071,373.04551250419087
4072,202.67656843899707
4073,347.0642515069862
4074,20.077595542336415
4075,404.155730382237
4076,382.6146115950745
4077,25.818448691055632
4078,122.08293676103186
4079,490.2286189520162
4080,21.215063900238786
4081,268.9814445641792
4082,483.16066943473135
4083,271.64463812595267
4084,1292.5519710824412
4085,301.9983974065084
4086,243.2382449555846
4087,290.2786167403256
4088,471.07743534866796
4089,15.318679656473659
4090,57.141489454084606
4091,418.71295016091307
4092,436.77145321123123
4093,30.881168631425343
4094,343.1468816128509
4095,71.22400870113816
4096,472.40466972629156
4097,374.7190114471081
4098,68.6992043536128
4099,253.0676059453015
4100,115.31069050421071
4101,380.2021313387143
4102,405.4518966927442
4103,52.399593499781595
4104,389.25511387546527
4105,236.07862389103954
4106,489.1349756956583
4107,54.0968653245982
4108,366.5627263066029
4109,506.2984613154964
4110,429.09016801568293
4111,175.4996294096513
4112,136.39305374623623
4113,515.8710144474693
4114,316.417033480105
4115,39.84679496054084
4116,294.463975847005
4117,262.5648442823198
4118,419.232242671999
4119,36.12628939697511
4120,260.6955657950334
4121,414.02822822938015
4122,315.42231591359223
4123,113.9051753054866
4124,439.78571352345256
4125,39.99526874547407
4126,216.3783744789882
4127,345.2618009301837
4128,45.58740934715477
4129,340.5617965970616
4130,68.16497354825765
4131,520.9400980122987
4132,89.84365887690674
4133,416.3431318020066
4134,146.92650405901097
4135,149.41039409697487
4136,374.33157207386915
4137,-27.918369048299272
4138,286.38138181346756
4139,69.82591142189685
4140,464.76008559820065
4141,60.56297656831443
4142,316.2778417718818
4143,67.9305323510161
4144,375.21915654231566
4145,81.21820275746802
4146,149.30634696757988
4147,193.27876452373854
4148,272.42293438698806
4149,199.6141004067072
4150,155.92475233756716
4151,519.3144257899177
4152,43.59883861675162
4153,440.22036642018463
4154,362.53115282754544
4155,49.132045229625156
4156,334.40426042918733
4157,57.122010820142286
4158,150.3172668306047
4159,458.57941752927366
4160,42.97138870569398
4161,88.6276822710165
4162,371.29146094478415
4163,43.57099404522991
4164,363.0503019361071
4165,102.55819102454763
4166,126.22882311228295
4167,403.23423715134226
4168,347.5221320977908
4169,342.421527051235
4170,304.22595950257227
4171,245.62029750101144
4172,440.7318600134687
4173,43.561762172599614
4174,432.58159319089015
4175,294.17522146984135
4176,41.977256780603845
4177,473.0381445461482
4178,365.9832856647503
4179,396.7099639869148
4180,102.25775551748717
4181,263.6640293667635
4182,123.02544989113548
4183,411.4435253935785
4184,203.06910254992627
4185,124.29072109559891
4186,259.2389787943122
4187,42.23330918385666
4188,323.8832651785916
4189,42.53999293472836
4190,189.63653893591714
4191,277.5046823258306
4192,190.10289056354674
4193,272.2192213683695
4194,60.31282457616539
4195,233.64526795987607
4196,49.245817675346544
4197,392.05379961240646
4198,40.91029888843979
4199,282.77155872609467
4200,55.78728311349619
4201,313.42724633685754
4202,68.09770094292502
4203,146.18366044208028
4204,173.9500978028314
4205,253.47711494045862
4206,132.1130604288953
4207,166.9219208329163
4208,300.29940107332504
4209,63.83265927257103
4210,356.6548907620569
4211,341.7885906294977
4212,69.41036194692325
4213,189.94643016915603
4214,275.8248926091763
4215,56.629179003368066
4216,419.68739994955
4217,45.300872584209316
4218,459.2053124550412
4219,433.6364132938438
4220,55.92536094826273
4221,358.46201679325077
4222,338.7278211070364
4223,50.336493205609
4224,334.1727695605293
4225,51.90613298311925
4226,150.50118038302605
4227,458.4816354393988
4228,46.76149413617362
4229,90.28248027803443
4230,367.83111736064683
4231,45.854842603490006
4232,361.2440788019797
4233,101.08175598629933
4234,127.29575658270672
4235,395.34442706788406
4236,307.4328012783672
4237,53.0316136067592
4238,499.0639767434833
4239,449.58260414392277
4240,44.53874368866319
4241,367.1508578622204
4242,342.9343568840892
4243,352.6547790281692
4244,362.61082287769347
4245,306.77687830225
4246,248.52805993655485
4247,460.8146752475822
4248,46.112680972277346
4249,447.95220590989226
4250,37.40385909532168
4251,87.4265942806172
4252,331.09027355919346
4253,45.63785469525939
4254,188.9213272697694
4255,266.26728164570784
4256,160.2732353307117
4257,346.2395030893387
4258,83.06879516331969
4259,150.06759750122714
4260,262.99668313698885
4261,133.37751993251817
4262,162.27395455760245
4263,429.1043740491724
4264,45.33970106215824
4265,167.68357211409224
4266,425.6817551567532
4267,754.1986620274977
4268,303.3040369032146
4269,27.847750358923086
4270,285.9481532540005
4271,26.27176070735249
4272,451.3907477046744
4273,278.5431571833513
4274,483.7543889176933
4275,149.08238300974259
4276,301.1508297158044
4277,33.62049964327633
4278,217.511605100331
4279,344.36972508068243
4280,20.441136862914256
4281,437.00500425989566
4282,42.08860451034104
4283,223.04633392028236
4284,411.8468712137904
4285,439.9358068063366
4286,225.97327399051636
4287,102.38750004697097
4288,449.9119598057942
4289,230.714804823503
4290,36.84615159354641
4291,435.9115314529051
4292,458.89362335777247
4293,40.73069332446368
4294,430.8318390415878
4295,42.39364697522995
4296,485.6324759245255
4297,45.3411449212548
4298,435.5794694529685
4299,129.9578285329428
4300,251.3703076710794
4301,372.71575383329423
4302,124.25880951152638
4303,283.1101609696704
4304,63.223826336051935
4305,481.5053975872677
4306,42.29817731470809
4307,257.5481504833975
4308,143.49349779233486
4309,134.85993459900948
4310,471.6936880775568
4311,46.94170432660487
4312,415.2393526315541
4313,415.4753477292776
4314,19.426767051118325
4315,383.9318151820137
4316,35.56472762459045
4317,132.37251550020858
4318,413.18612770651293
4319,35.06563053047717
4320,92.27737167574199
4321,363.6228626704026
4322,316.15213772402313
4323,26.064816547332555
4324,331.8775063258617
4325,343.5696556874436
4326,363.82796087930836
4327,280.2983345133864
4328,21.211915894076125
4329,245.97084950139478
4330,17.983294704133225
4331,128.42378654155308
4332,280.49448044820394
4333,241.80865500535566
4334,28.691550693717907
4335,345.17489769550843
4336,97.09096367580867
4337,81.54889459059834
4338,193.06578519672797
4339,358.2892340870294
4340,27.64410719288053
4341,287.8725664839815
4342,312.37596332953484
4343,34.940901366145845
4344,199.65958118554926
4345,215.22685886253734
4346,344.79196798492467
4347,37.240484929703634
4348,320.0127677658522
4349,353.56432867080684
4350,41.58410233026207
4351,139.96208723196187
4352,363.1254334742
4353,413.9283076218652
4354,68.4846121656132
4355,139.32797488700368
4356,223.8473253443264
4357,288.55439250347735
4358,58.72933542225567
4359,200.84908992730607
4360,360.7323035744203
4361,40.68388495813544
4362,82.52986169687814
4363,275.0710637190034
4364,433.6512783287831
4365,172.39382800922886
4366,486.14789503232873
4367,77.36987272022861
4368,395.6372735787209
4369,456.27744640248727
4370,80.5838059930344
4371,494.0631038932914
4372,38.576478282510585
4373,274.814822361347
4374,433.3825109917768
4375,117.66271955766838
4376,384.34242941186506
4377,39.31607935216613
4378,458.3209850409759
4379,282.5492588397301
4380,34.22268656792868
4381,241.91336458219138
4382,248.62682049922222
4383,52.03583376440454
4384,503.24744137808574
4385,30.48886689164066
4386,351.0658340105922
4387,260.8210408850868
4388,405.3065782657718
4389,573.634604130656
4390,42.72747365610622
4391,368.7569045257327
4392,215.13968951428797
4393,446.8163258454296
4394,197.35617898039405
4395,156.44728293598266
4396,363.1315766172884
4397,32.306870939924565
4398,364.35944579901803
4399,30.99386956783189
4400,492.88747720496053
4401,426.9954070681318
4402,27.48324436944988
4403,384.2998451282376
4404,24.24979629648284
4405,341.270333585094
4406,23.99772326228093
4407,401.7715752351077
4408,285.1118754442469
4409,22.194584598691808
4410,306.54235764091385
4411,249.78188895667492
4412,299.6459948938744
4413,21.800198311121814
4414,365.19903865253053
4415,20.783499526593967
4416,283.2980562993906
4417,42.99984125570697
4418,300.9972124552854
4419,570.6883812816048
4420,28.975970911634395
4421,349.7098545415269
4422,276.0002121355795
4423,445.0366188454708
4424,19.594311079889078
4425,439.25233186744276
4426,390.5391679782611
4427,44.73142247703824
4428,206.22355606204485
4429,543.3799156212629
8334,268.80268706217254
8335,33.56116713976032
8336,279.15556804949625
8337,203.59821128204726
8338,307.240231766107
8339,294.0720174117909
8340,275.4878815067492
8341,418.0842544921945
8342,385.4922631556536
8343,34.75332817604476
8344,306.62780429405103
8345,37.101483217415094
8346,512.3621440418209
8347,42.34562477379287
8348,376.88988928077606
8349,228.30061392474872
8350,506.84625313076424
8351,43.526614858530586
8352,292.3948847443281
8353,468.00881609447816
8354,33.61913790647997
8355,488.4631113797005
8356,443.4042021845286
8357,441.0596319919633
8358,22.4165036005675
8359,371.194244422657
8360,427.69686159399396
8361,541.079644357099
8362,38.40603540570994
8363,385.39526920371117
8364,379.03160289120285
8365,183.73762679730618
8366,103.09431720544715
8367,407.02225115695256
8368,384.56808209069027
8369,349.68281445329796
8370,44.84165218333422
8371,564.5093279536658
8372,37.36698525351234
8373,287.5775416189522
8374,468.9814785919069
8375,277.39979213801735
8376,468.3485705041904
8377,38.35793493606147
8378,467.1000388080363
8379,418.37378239181135
8380,40.8629082182111
8381,322.79021271053216
8382,478.82765555425567
8383,356.93935985168764
8384,432.7177514019381
8385,347.9680749165834
8386,30.579209232213213
8387,375.4278515786148
8388,248.80588357152277
8389,175.69840233169535
8390,203.19407847676243
8391,339.2723457157698
8392,10.843523116345047
8393,377.1945041475233
8394,310.5164152379081
8395,35.95501508195878
8396,284.9562873834006
8397,369.89433423665184
8398,126.68908850094364
8399,582.7934360027542
8400,525.9182584910396
8401,344.81650102059217
8402,19.259006802994932
8403,274.6326171360333
8404,111.91065809853076
8405,235.27148239990106
8406,25.792822016373936
8407,464.9720977745898
8408,85.31952003928087
8409,95.65158754491988
8410,110.2178300250218
8411,402.17220123621865
8412,36.38743749747394
8413,78.93383778575327
8414,243.96875747676052
8415,364.7932028131061
8416,651.9879628887289
8417,463.2474638977734
8418,40.302760876447635
8419,440.4312285067183
8420,39.146537644590445
8421,315.82901188629324
8422,131.41000046828992
8423,558.6038737453799
8424,38.08720485808683
8425,513.5371422880733
8426,38.283712729638395
8427,404.8682827605933
8428,224.60673854868799
8429,401.81300423012567
8430,39.16345482477813
8431,337.48178268220414
8432,132.42281969712275
8433,473.4277862571341
8434,37.653344107111316
8435,445.36837859214063
8436,238.1364535773885
8437,336.66653702433683
8438,474.06579446869574
8439,529.6202355444549
8440,37.797001019594255
8441,278.2779103480775
8442,453.9085699599742
8443,19.676323792445334
8444,402.02770481703413
8445,328.6971758630095
8446,327.42523080908865
8447,436.8598077569579
8448,30.368063043857973
8449,365.8626613451005
8450,305.19815143315924
8451,206.2318340575975
8452,473.54084614967604
8453,16.729751189883796
8454,267.75328245652685
8455,432.5387285731848
8456,24.957402743150926
8457,209.00352852836826
8458,421.59476980964695
8459,442.5252211270432
8460,506.35798758721376
8461,399.67848408065004
8462,323.038354206735
8463,55.59453481121521
8464,331.72249165519264
8465,253.27970675837662
8466,19.56099530985307
8467,315.61970697918804
8468,24.28210134106764
8469,301.287621416461
8470,191.2629129973213
8471,422.2301869253672
8472,26.868786453042077
8473,245.7492489248136
8474,357.7176119270929
8475,532.6890155295249
8476,284.23728440043703
8477,359.3443174710417
8478,79.19342387301899
8479,341.5699843371833
8480,45.45344600725809
8481,349.34999314032837
8482,445.44564247415167
8483,166.3437862916755
8484,102.8611402285594
8485,363.1939579734103
8486,274.51207615471225
8487,327.7996831856162
8488,57.53775889761081
8489,372.47783317261093
8490,562.7532664470046
8491,96.70976617135314
8492,196.3012432365029
8493,216.50165363309443
8494,85.61141306213864
8495,464.828769214354
8496,584.2917192997935
8497,36.217312292533315
8498,374.9403890815942
8499,301.73683197851193
8500,485.18501945812324
8501,35.84372794265154
8502,278.62108247280236
8503,483.148652167254
8504,552.8073434920444
8505,431.4547330422382
8506,56.02558115186036
8507,404.0656078212299
8508,358.2156770224872
8509,32.245337153202776
8510,371.3532191236345
8511,289.7702565616781
8512,40.9393996575121
8513,400.4716158277202
8514,151.50838408574185
8515,344.13630611028736
8516,78.31311929010876
8517,213.20489232032804
8518,267.4947485163969
8519,55.67147296056063
8520,503.4340318489766
8521,295.9654771880068
8522,474.48684993681115
8523,429.3241004423608
8524,19.471395134278776
8525,392.08721336688797
8526,31.81052129222471
8527,76.50416721040843
8528,483.885719045614
8529,326.57091419091813
8530,32.221550265511205
8531,308.03968278460275
8532,227.2094652464642
8533,383.3690658530611
8534,25.626084599505855
8535,71.39171382289543
8536,339.761694436454
8537,380.6376915635495
8538,326.89263828629333
8539,24.13882857905366
8540,345.9300270874901
8541,22.068780318079575
8542,366.5112171113021
8543,381.38781430390844
8544,303.91980914431485
8545,100.7390693522953
8546,337.69964472774245
8547,65.25211766366243
8548,94.5174964606821
8549,344.1274514470039
8550,20.16594112445918
8551,358.77714978972546
8552,402.44879577284894
8553,439.7471047258656
8554,137.61353217260006
8555,330.3237448342458
8556,260.5558711654401
8557,522.5324841043391
8558,325.6835442385043
8559,50.747726974765904
8560,342.73875323982304
8561,134.43401478696498
8562,323.95275267413365
8563,24.801645054202435
8564,266.40314729852435
8565,292.72089866991996
8566,194.63979554318803
8567,380.5380119139107
8568,303.9212475069182
8569,34.25322963448457
8570,312.62887852720434
8571,342.7136562179658
8572,36.05959735273966
8573,372.36055801483576
8574,434.4837732514355
8575,138.24123031346397
8576,752.8701112517043
8577,142.00810983591794
8578,167.5907110607942
8579,339.6048829817092
8580,123.36658989555733
8581,380.6126926296824
8582,84.90569057748917
8583,406.9025731333595
8584,24.702041841513818
8585,398.6184165510454
8586,310.9206458777616
8587,45.93864657435699
8588,428.4327760320557
8589,32.48376611971969
8590,376.2581734288995
8591,35.69776857939851
8592,283.7088871641092
8593,318.0445854706936
8594,148.50947113144267
8595,96.34141207064576
8596,357.3676105146206
8597,266.87435960324285
8598,343.7995417157348
8599,463.95248128488015
8600,315.1147575988474
8601,34.89827054687983
8602,512.5801762029822
8603,283.6858584127316
8604,220.92126366777697
8605,174.49493548149724
8606,99.14391713524947
8607,352.81270250907676
8608,356.7225746857907
8609,436.05964687603546
8610,19.928173180019108
8611,513.5906418852442
8612,424.06625816141224
8613,36.84343076327528
8614,222.59771959322396
8615,476.1215275846515
8616,35.163143727182785
8617,413.29052322750124
8618,33.92762376027427
8619,291.01020492541943
8620,58.14946292108526
8621,443.72568754352875
8622,354.4900547289681
8623,71.92131538083956
8624,173.70096324505775
8625,163.945820375154
8626,362.65884333852637
8627,291.77973126492327
8628,367.5944411188061
8629,154.7227062756436
8630,339.27250574740367
8631,24.302421904554492
8632,355.64864301404305
8633,358.48371436799806
8634,22.25418748223341
8635,373.04551250419087
8636,202.67656843899707
8637,347.0642515069862
8638,20.077595542336415
8639,404.155730382237
8640,382.6146115950745
8641,25.818448691055632
8642,122.08293676103186
8643,490.2286189520162
8644,21.215063900238786
8645,268.9814445641792
8646,483.16066943473135
8647,271.64463812595267
8648,1292.5519710824412
8649,301.9983974065084
8650,243.2382449555846
8651,290.2786167403256
8652,471.07743534866796
8653,15.318679656473659
8654,57.141489454084606
8655,418.71295016091307
8656,436.77145321123123
8657,30.881168631425343
8658,343.1468816128509
8659,71.22400870113816
8660,472.40466972629156
8661,374.7190114471081
8662,68.6992043536128
8663,253.0676059453015
8664,115.31069050421071
8665,380.2021313387143
8666,405.4518966927442
8667,52.399593499781595
8668,389.25511387546527
8669,236.07862389103954
8670,489.1349756956583
8671,54.0968653245982
8672,366.5627263066029
8673,506.2984613154964
8674,429.09016801568293
8675,175.4996294096513
8676,136.39305374623623
8677,515.8710144474693
8678,316.417033480105
8679,39.84679496054084
8680,294.463975847005
8681,262.5648442823198
8682,419.232242671999
8683,36.12628939697511
8684,260.6955657950334
8685,414.02822822938015
8686,315.42231591359223
8687,113.9051753054866
8688,439.78571352345256
8689,39.99526874547407
8690,216.3783744789882
8691,345.2618009301837
8692,45.58740934715477
8693,340.5617965970616
8694,68.16497354825765
8695,520.9400980122987
8696,89.84365887690674
8697,416.3431318020066
8698,146.92650405901097
8699,149.41039409697487
8700,374.33157207386915
8701,-27.918369048299272
8702,286.38138181346756
8703,69.82591142189685
8704,464.76008559820065
8705,60.56297656831443
8706,316.2778417718818
8707,67.9305323510161
8708,375.21915654231566
8709,81.21820275746802
8710,149.30634696757988
8711,193.27876452373854
8712,272.42293438698806
8713,199.6141004067072
8714,155.92475233756716
8715,519.3144257899177
8716,43.59883861675162
8717,440.22036642018463
8718,362.53115282754544
8719,49.132045229625156
8720,334.40426042918733
8721,57.122010820142286
8722,150.3172668306047
8723,458.57941752927366
8724,42.97138870569398
8725,88.6276822710165
8726,371.29146094478415
8727,43.57099404522991
8728,363.0503019361071
8729,102.55819102454763
8730,126.22882311228295
8731,403.23423715134226
8732,347.5221320977908
8733,342.421527051235
8734,304.22595950257227
8735,245.62029750101144
8736,440.7318600134687
8737,43.561762172599614
8738,432.58159319089015
8739,294.17522146984135
8740,41.977256780603845
8741,473.0381445461482
8742,365.9832856647503
8743,396.7099639869148
8744,102.25775551748717
8745,263.6640293667635
8746,123.02544989113548
8747,411.4435253935785
8748,203.06910254992627
8749,124.29072109559891
8750,259.2389787943122
8751,42.23330918385666
8752,323.8832651785916
8753,42.53999293472836
8754,189.63653893591714
8755,277.5046823258306
8756,190.10289056354674
8757,272.2192213683695
8758,60.31282457616539
8759,233.64526795987607
8760,49.245817675346544
8761,392.05379961240646
8762,40.91029888843979
8763,282.77155872609467
8764,55.78728311349619
8765,313.42724633685754
8766,68.09770094292502
8767,146.18366044208028
8768,173.9500978028314
8769,253.47711494045862
8770,132.1130604288953
8771,166.9219208329163
8772,300.29940107332504
8773,63.83265927257103
8774,356.6548907620569
8775,341.7885906294977
8776,69.41036194692325
8777,189.94643016915603
8778,275.8248926091763
8779,56.629179003368066
8780,419.68739994955
8781,45.300872584209316
8782,459.2053124550412
8783,433.6364132938438
8784,55.92536094826273
8785,358.46201679325077
8786,338.7278211070364
8787,50.336493205609
8788,334.1727695605293
8789,51.90613298311925
8790,150.50118038302605
8791,458.4816354393988
8792,46.76149413617362
8793,90.28248027803443
8794,367.83111736064683
8795,45.854842603490006
8796,361.2440788019797
8797,101.08175598629933
8798,127.29575658270672
8799,395.34442706788406
8800,307.4328012783672
8801,53.0316136067592
8802,499.0639767434833
8803,449.58260414392277
8804,44.53874368866319
8805,367.1508578622204
8806,342.9343568840892
8807,352.6547790281692
8808,362.61082287769347
8809,306.77687830225
8810,248.52805993655485
8811,460.8146752475822
8812,46.112680972277346
8813,447.95220590989226
8814,37.40385909532168
8815,87.4265942806172
8816,331.09027355919346
8817,45.63785469525939
8818,188.9213272697694
8819,266.26728164570784
8820,160.2732353307117
8821,346.2395030893387
8822,83.06879516331969
8823,150.06759750122714
8824,262.99668313698885
8825,133.37751993251817
8826,162.27395455760245
8827,429.1043740491724
8828,45.33970106215824
8829,167.68357211409224
8830,425.6817551567532
8831,754.1986620274977
8832,303.3040369032146
8833,27.847750358923086
8834,285.9481532540005
8835,26.27176070735249
8836,451.3907477046744
8837,278.5431571833513
8838,483.7543889176933
8839,149.08238300974259
8840,301.1508297158044
8841,33.62049964327633
8842,217.511605100331
8843,344.36972508068243
8844,20.441136862914256
8845,437.00500425989566
8846,42.08860451034104
8847,223.04633392028236
8848,411.8468712137904
8849,439.9358068063366
8850,225.97327399051636
8851,102.38750004697097
8852,449.9119598057942
8853,230.714804823503
8854,36.84615159354641
8855,435.9115314529051
8856,458.89362335777247
8857,40.73069332446368
8858,430.8318390415878
8859,42.39364697522995
8860,485.6324759245255
8861,45.3411449212548
8862,435.5794694529685
8863,129.9578285329428
8864,251.3703076710794
8865,372.71575383329423
8866,124.25880951152638
8867,283.1101609696704
8868,63.223826336051935
8869,481.5053975872677
8870,42.29817731470809
8871,257.5481504833975
8872,143.49349779233486
8873,134.85993459900948
8874,471.6936880775568
8875,46.94170432660487
8876,415.2393526315541
8877,415.4753477292776
8878,19.426767051118325
8879,383.9318151820137
8880,35.56472762459045
8881,132.37251550020858
8882,413.18612770651293
8883,35.06563053047717
8884,92.27737167574199
8885,363.6228626704026
8886,316.15213772402313
8887,26.064816547332555
8888,331.8775063258617
8889,343.5696556874436
8890,363.82796087930836
8891,280.2983345133864
8892,21.211915894076125
8893,245.97084950139478
8894,17.983294704133225
8895,128.42378654155308
8896,280.49448044820394
8897,241.80865500535566
8898,28.691550693717907
8899,345.17489769550843
8900,97.09096367580867
8901,81.54889459059834
8902,193.06578519672797
8903,358.2892340870294
8904,27.64410719288053
8905,287.8725664839815
8906,312.37596332953484
8907,34.940901366145845
8908,199.65958118554926
8909,215.22685886253734
8910,344.79196798492467
8911,37.240484929703634
8912,320.0127677658522
8913,353.56432867080684
8914,41.58410233026207
8915,139.96208723196187
8916,363.1254334742
8917,413.9283076218652
8918,68.4846121656132
8919,139.32797488700368
8920,223.8473253443264
8921,288.55439250347735
8922,58.72933542225567
8923,200.84908992730607
8924,360.7323035744203
8925,40.68388495813544
8926,82.52986169687814
8927,275.0710637190034
8928,433.6512783287831
8929,172.39382800922886
8930,486.14789503232873
8931,77.36987272022861
8932,395.6372735787209
8933,456.27744640248727
8934,80.5838059930344
8935,494.0631038932914
8936,38.576478282510585
8937,274.814822361347
8938,433.3825109917768
8939,117.66271955766838
8940,384.34242941186506
8941,39.31607935216613
8942,458.3209850409759
8943,282.5492588397301
8944,34.22268656792868
8945,241.91336458219138
8946,248.62682049922222
8947,52.03583376440454
8948,503.24744137808574
8949,30.48886689164066
8950,351.0658340105922
8951,260.8210408850868
8952,405.3065782657718
8953,573.634604130656
8954,42.72747365610622
8955,368.7569045257327
8956,215.13968951428797
8957,446.8163258454296
8958,197.35617898039405
8959,156.44728293598266
8960,363.1315766172884
8961,32.306870939924565
8962,364.35944579901803
8963,30.99386956783189
8964,492.88747720496053
8965,426.9954070681318
8966,27.48324436944988
8967,384.2998451282376
8968,24.24979629648284
8969,341.270333585094
8970,23.99772326228093
8971,401.7715752351077
8972,285.1118754442469
8973,22.194584598691808
8974,306.54235764091385
8975,249.78188895667492
8976,299.6459948938744
8977,21.800198311121814
8978,365.19903865253053
8979,20.783499526593967
8980,283.2980562993906
8981,42.99984125570697
8982,300.9972124552854
8983,570.6883812816048
8984,28.975970911634395
8985,349.7098545415269
8986,276.0002121355795
8987,445.0366188454708
8988,19.594311079889078
8989,439.25233186744276
8990,390.5391679782611
8991,44.73142247703824
8992,206.22355606204485
8993,543.3799156212629
6449,268.80268706217254
6450,33.56116713976032
6451,279.15556804949625
6452,203.59821128204726
6453,307.240231766107
6454,294.0720174117909
6455,275.4878815067492
6456,418.0842544921945
6457,385.4922631556536
6458,34.75332817604476
6459,306.62780429405103
6460,37.101483217415094
6461,512.3621440418209
6462,42.34562477379287
6463,376.88988928077606
6464,228.30061392474872
6465,506.84625313076424
6466,43.526614858530586
6467,292.3948847443281
6468,468.00881609447816
6469,33.61913790647997
6470,488.4631113797005
6471,443.4042021845286
6472,441.0596319919633
6473,22.4165036005675
6474,371.194244422657
6475,427.69686159399396
6476,541.079644357099
6477,38.40603540570994
6478,385.39526920371117
6479,379.03160289120285
6480,183.73762679730618
6481,103.09431720544715
6482,407.02225115695256
6483,384.56808209069027
6484,349.68281445329796
6485,44.84165218333422
6486,564.5093279536658
6487,37.36698525351234
6488,287.5775416189522
6489,468.9814785919069
6490,277.39979213801735
6491,468.3485705041904
6492,38.35793493606147
6493,467.1000388080363
6494,418.37378239181135
6495,40.8629082182111
6496,322.79021271053216
6497,478.82765555425567
6498,356.93935985168764
6499,432.7177514019381
6500,347.9680749165834
6501,30.579209232213213
6502,375.4278515786148
6503,248.80588357152277
6504,175.69840233169535
6505,203.19407847676243
6506,339.2723457157698
6507,10.843523116345047
6508,377.1945041475233
6509,310.5164152379081
6510,35.95501508195878
6511,284.9562873834006
6512,369.89433423665184
6513,126.68908850094364
6514,582.7934360027542
6515,525.9182584910396
6516,344.81650102059217
6517,19.259006802994932
6518,274.6326171360333
6519,111.91065809853076
6520,235.27148239990106
6521,25.792822016373936
6522,464.9720977745898
6523,85.31952003928087
6524,95.65158754491988
6525,110.2178300250218
6526,402.17220123621865
6527,36.38743749747394
6528,78.93383778575327
6529,243.96875747676052
6530,364.7932028131061
6531,651.9879628887289
6532,463.2474638977734
6533,40.302760876447635
6534,440.4312285067183
6535,39.146537644590445
6536,315.82901188629324
6537,131.41000046828992
6538,558.6038737453799
6539,38.08720485808683
6540,513.5371422880733
6541,38.283712729638395
6542,404.8682827605933
6543,224.60673854868799
6544,401.81300423012567
6545,39.16345482477813
6546,337.48178268220414
6547,132.42281969712275
6548,473.4277862571341
6549,37.653344107111316
6550,445.36837859214063
6551,238.1364535773885
6552,336.66653702433683
6553,474.06579446869574
6554,529.6202355444549
6555,37.797001019594255
6556,278.2779103480775
6557,453.9085699599742
6558,19.676323792445334
6559,402.02770481703413
6560,328.6971758630095
6561,327.42523080908865
6562,436.8598077569579
6563,30.368063043857973
6564,365.8626613451005
6565,305.19815143315924
6566,206.2318340575975
6567,473.54084614967604
6568,16.729751189883796
6569,267.75328245652685
6570,432.5387285731848
6571,24.957402743150926
6572,209.00352852836826
6573,421.59476980964695
6574,442.5252211270432
6575,506.35798758721376
6576,399.67848408065004
6577,323.038354206735
6578,55.59453481121521
6579,331.72249165519264
6580,253.27970675837662
6581,19.56099530985307
6582,315.61970697918804
6583,24.28210134106764
6584,301.287621416461
6585,191.2629129973213
6586,422.2301869253672
6587,26.868786453042077
6588,245.7492489248136
6589,357.7176119270929
6590,532.6890155295249
6591,284.23728440043703
6592,359.3443174710417
6593,79.19342387301899
6594,341.5699843371833
6595,45.45344600725809
6596,349.34999314032837
6597,445.44564247415167
6598,166.3437862916755
6599,102.8611402285594
6600,363.1939579734103
6601,274.51207615471225
6602,327.7996831856162
6603,57.53775889761081
6604,372.47783317261093
6605,562.7532664470046
6606,96.70976617135314
6607,196.3012432365029
6608,216.50165363309443
6609,85.61141306213864
6610,464.828769214354
6611,584.2917192997935
6612,36.217312292533315
6613,374.9403890815942
6614,301.73683197851193
6615,485.18501945812324
6616,35.84372794265154
6617,278.62108247280236
6618,483.148652167254
6619,552.8073434920444
6620,431.4547330422382
6621,56.02558115186036
6622,404.0656078212299
6623,358.2156770224872
6624,32.245337153202776
6625,371.3532191236345
6626,289.7702565616781
6627,40.9393996575121
6628,400.4716158277202
6629,151.50838408574185
6630,344.13630611028736
6631,78.31311929010876
6632,213.20489232032804
6633,267.4947485163969
6634,55.67147296056063
6635,503.4340318489766
6636,295.9654771880068
6637,474.48684993681115
6638,429.3241004423608
6639,19.471395134278776
6640,392.08721336688797
6641,31.81052129222471
6642,76.50416721040843
6643,483.885719045614
6644,326.57091419091813
6645,32.221550265511205
6646,308.03968278460275
6647,227.2094652464642
6648,383.3690658530611
6649,25.626084599505855
6650,71.39171382289543
6651,339.761694436454
6652,380.6376915635495
6653,326.89263828629333
6654,24.13882857905366
6655,345.9300270874901
6656,22.068780318079575
6657,366.5112171113021
6658,381.38781430390844
6659,303.91980914431485
6660,100.7390693522953
6661,337.69964472774245
6662,65.25211766366243
6663,94.5174964606821
6664,344.1274514470039
6665,20.16594112445918
6666,358.77714978972546
6667,402.44879577284894
6668,439.7471047258656
6669,137.61353217260006
6670,330.3237448342458
6671,260.5558711654401
6672,522.5324841043391
6673,325.6835442385043
6674,50.747726974765904
6675,342.73875323982304
6676,134.43401478696498
6677,323.95275267413365
6678,24.801645054202435
6679,266.40314729852435
6680,292.72089866991996
6681,194.63979554318803
6682,380.5380119139107
6683,303.9212475069182
6684,34.25322963448457
6685,312.62887852720434
6686,342.7136562179658
6687,36.05959735273966
6688,372.36055801483576
6689,434.4837732514355
6690,138.24123031346397
6691,752.8701112517043
6692,142.00810983591794
6693,167.5907110607942
6694,339.6048829817092
6695,123.36658989555733
6696,380.6126926296824
6697,84.90569057748917
6698,406.9025731333595
6699,24.702041841513818
6700,398.6184165510454
6701,310.9206458777616
6702,45.93864657435699
6703,428.4327760320557
6704,32.48376611971969
6705,376.2581734288995
6706,35.69776857939851
6707,283.7088871641092
6708,318.0445854706936
6709,148.50947113144267
6710,96.34141207064576
6711,357.3676105146206
6712,266.87435960324285
6713,343.7995417157348
6714,463.95248128488015
6715,315.1147575988474
6716,34.89827054687983
6717,512.5801762029822
6718,283.6858584127316
6719,220.92126366777697
6720,174.49493548149724
6721,99.14391713524947
6722,352.81270250907676
6723,356.7225746857907
6724,436.05964687603546
6725,19.928173180019108
6726,513.5906418852442
6727,424.06625816141224
6728,36.84343076327528
6729,222.59771959322396
6730,476.1215275846515
6731,35.163143727182785
6732,413.29052322750124
6733,33.92762376027427
6734,291.01020492541943
6735,58.14946292108526
6736,443.72568754352875
6737,354.4900547289681
6738,71.92131538083956
6739,173.70096324505775
6740,163.945820375154
6741,362.65884333852637
6742,291.77973126492327
6743,367.5944411188061
6744,154.7227062756436
6745,339.27250574740367
6746,24.302421904554492
6747,355.64864301404305
6748,358.48371436799806
6749,22.25418748223341
6750,373.04551250419087
6751,202.67656843899707
6752,347.0642515069862
6753,20.077595542336415
6754,404.155730382237
6755,382.6146115950745
6756,25.818448691055632
6757,122.08293676103186
6758,490.2286189520162
6759,21.215063900238786
6760,268.9814445641792
6761,483.16066943473135
6762,271.64463812595267
6763,1292.5519710824412
6764,301.9983974065084
6765,243.2382449555846
6766,290.2786167403256
6767,471.07743534866796
6768,15.318679656473659
6769,57.141489454084606
6770,418.71295016091307
6771,436.77145321123123
6772,30.881168631425343
6773,343.1468816128509
6774,71.22400870113816
6775,472.40466972629156
6776,374.7190114471081
6777,68.6992043536128
6778,253.0676059453015
6779,115.31069050421071
6780,380.2021313387143
6781,405.4518966927442
6782,52.399593499781595
6783,389.25511387546527
6784,236.07862389103954
6785,489.1349756956583
6786,54.0968653245982
6787,366.5627263066029
6788,506.2984613154964
6789,429.09016801568293
6790,175.4996294096513
6791,136.39305374623623
6792,515.8710144474693
6793,316.417033480105
6794,39.84679496054084
6795,294.463975847005
6796,262.5648442823198
6797,419.232242671999
6798,36.12628939697511
6799,260.6955657950334
6800,414.02822822938015
6801,315.42231591359223
6802,113.9051753054866
6803,439.78571352345256
6804,39.99526874547407
6805,216.3783744789882
6806,345.2618009301837
6807,45.58740934715477
6808,340.5617965970616
6809,68.16497354825765
6810,520.9400980122987
6811,89.84365887690674
6812,416.3431318020066
6813,146.92650405901097
6814,149.41039409697487
6815,374.33157207386915
6816,-27.918369048299272
6817,286.38138181346756
6818,69.82591142189685
6819,464.76008559820065
6820,60.56297656831443
6821,316.2778417718818
6822,67.9305323510161
6823,375.21915654231566
6824,81.21820275746802
6825,149.30634696757988
6826,193.27876452373854
6827,272.42293438698806
6828,199.6141004067072
6829,155.92475233756716
6830,519.3144257899177
6831,43.59883861675162
6832,440.22036642018463
6833,362.53115282754544
6834,49.132045229625156
6835,334.40426042918733
6836,57.122010820142286
6837,150.3172668306047
6838,458.57941752927366
6839,42.97138870569398
6840,88.6276822710165
6841,371.29146094478415
6842,43.57099404522991
6843,363.0503019361071
6844,102.55819102454763
6845,126.22882311228295
6846,403.23423715134226
6847,347.5221320977908
6848,342.421527051235
6849,304.22595950257227
6850,245.62029750101144
6851,440.7318600134687
6852,43.561762172599614
6853,432.58159319089015
6854,294.17522146984135
6855,41.977256780603845
6856,473.0381445461482
6857,365.9832856647503
6858,396.7099639869148
6859,102.25775551748717
6860,263.6640293667635
6861,123.02544989113548
6862,411.4435253935785
6863,203.06910254992627
6864,124.29072109559891
6865,259.2389787943122
6866,42.23330918385666
6867,323.8832651785916
6868,42.53999293472836
6869,189.63653893591714
6870,277.5046823258306
6871,190.10289056354674
6872,272.2192213683695
6873,60.31282457616539
6874,233.64526795987607
6875,49.245817675346544
6876,392.05379961240646
6877,40.91029888843979
6878,282.77155872609467
6879,55.78728311349619
6880,313.42724633685754
6881,68.09770094292502
6882,146.18366044208028
6883,173.9500978028314
6884,253.47711494045862
6885,132.1130604288953
6886,166.9219208329163
6887,300.29940107332504
6888,63.83265927257103
6889,356.6548907620569
6890,341.7885906294977
6891,69.41036194692325
6892,189.94643016915603
6893,275.8248926091763
6894,56.629179003368066
6895,419.68739994955
6896,45.300872584209316
6897,459.2053124550412
6898,433.6364132938438
6899,55.92536094826273
6900,358.46201679325077
6901,338.7278211070364
6902,50.336493205609
6903,334.1727695605293
6904,51.90613298311925
6905,150.50118038302605
6906,458.4816354393988
6907,46.76149413617362
6908,90.28248027803443
6909,367.83111736064683
6910,45.854842603490006
6911,361.2440788019797
6912,101.08175598629933
6913,127.29575658270672
6914,395.34442706788406
6915,307.4328012783672
6916,53.0316136067592
6917,499.0639767434833
6918,449.58260414392277
6919,44.53874368866319
6920,367.1508578622204
6921,342.9343568840892
6922,352.6547790281692
6923,362.61082287769347
6924,306.77687830225
6925,248.52805993655485
6926,460.8146752475822
6927,46.112680972277346
6928,447.95220590989226
6929,37.40385909532168
6930,87.4265942806172
6931,331.09027355919346
6932,45.63785469525939
6933,188.9213272697694
6934,266.26728164570784
6935,160.2732353307117
6936,346.2395030893387
6937,83.06879516331969
6938,150.06759750122714
6939,262.99668313698885
6940,133.37751993251817
6941,162.27395455760245
6942,429.1043740491724
6943,45.33970106215824
6944,167.68357211409224
6945,425.6817551567532
6946,754.1986620274977
6947,303.3040369032146
6948,27.847750358923086
6949,285.9481532540005
6950,26.27176070735249
6951,451.3907477046744
6952,278.5431571833513
6953,483.7543889176933
6954,149.08238300974259
6955,301.1508297158044
6956,33.62049964327633
6957,217.511605100331
6958,344.36972508068243
6959,20.441136862914256
6960,437.00500425989566
6961,42.08860451034104
6962,223.04633392028236
6963,411.8468712137904
6964,439.9358068063366
6965,225.97327399051636
6966,102.38750004697097
6967,449.9119598057942
6968,230.714804823503
6969,36.84615159354641
6970,435.9115314529051
6971,458.89362335777247
6972,40.73069332446368
6973,430.8318390415878
6974,42.39364697522995
6975,485.6324759245255
6976,45.3411449212548
6977,435.5794694529685
6978,129.9578285329428
6979,251.3703076710794
6980,372.71575383329423
6981,124.25880951152638
6982,283.1101609696704
6983,63.223826336051935
6984,481.5053975872677
6985,42.29817731470809
6986,257.5481504833975
6987,143.49349779233486
6988,134.85993459900948
6989,471.6936880775568
6990,46.94170432660487
6991,415.2393526315541
6992,415.4753477292776
6993,19.426767051118325
6994,383.9318151820137
6995,35.56472762459045
6996,132.37251550020858
6997,413.18612770651293
6998,35.06563053047717
6999,92.27737167574199
7000,363.6228626704026
7001,316.15213772402313
7002,26.064816547332555
7003,331.8775063258617
7004,343.5696556874436
7005,363.82796087930836
7006,280.2983345133864
7007,21.211915894076125
7008,245.97084950139478
7009,17.983294704133225
7010,128.42378654155308
7011,280.49448044820394
7012,241.80865500535566
7013,28.691550693717907
7014,345.17489769550843
7015,97.09096367580867
7016,81.54889459059834
7017,193.06578519672797
7018,358.2892340870294
7019,27.64410719288053
7020,287.8725664839815
7021,312.37596332953484
7022,34.940901366145845
7023,199.65958118554926
7024,215.22685886253734
7025,344.79196798492467
7026,37.240484929703634
7027,320.0127677658522
7028,353.56432867080684
7029,41.58410233026207
7030,139.96208723196187
7031,363.1254334742
7032,413.9283076218652
7033,68.4846121656132
7034,139.32797488700368
7035,223.8473253443264
7036,288.55439250347735
7037,58.72933542225567
7038,200.84908992730607
7039,360.7323035744203
7040,40.68388495813544
7041,82.52986169687814
7042,275.0710637190034
7043,433.6512783287831
7044,172.39382800922886
7045,486.14789503232873
7046,77.36987272022861
7047,395.6372735787209
7048,456.27744640248727
7049,80.5838059930344
7050,494.0631038932914
7051,38.576478282510585
7052,274.814822361347
7053,433.3825109917768
7054,117.66271955766838
7055,384.34242941186506
7056,39.31607935216613
7057,458.3209850409759
7058,282.5492588397301
7059,34.22268656792868
7060,241.91336458219138
7061,248.62682049922222
7062,52.03583376440454
7063,503.24744137808574
7064,30.48886689164066
7065,351.0658340105922
7066,260.8210408850868
7067,405.3065782657718
7068,573.634604130656
7069,42.72747365610622
7070,368.7569045257327
7071,215.13968951428797
7072,446.8163258454296
7073,197.35617898039405
7074,156.44728293598266
7075,363.1315766172884
7076,32.306870939924565
7077,364.35944579901803
7078,30.99386956783189
7079,492.88747720496053
7080,426.9954070681318
7081,27.48324436944988
7082,384.2998451282376
7083,24.24979629648284
7084,341.270333585094
7085,23.99772326228093
7086,401.7715752351077
7087,285.1118754442469
7088,22.194584598691808
7089,306.54235764091385
7090,249.78188895667492
7091,299.6459948938744
7092,21.800198311121814
7093,365.19903865253053
7094,20.783499526593967
7095,283.2980562993906
7096,42.99984125570697
7097,300.9972124552854
7098,570.6883812816048
7099,28.975970911634395
7100,349.7098545415269
7101,276.0002121355795
7102,445.0366188454708
7103,19.594311079889078
7104,439.25233186744276
7105,390.5391679782611
7106,44.73142247703824
7107,206.22355606204485
7108,543.3799156212629
2316,268.80268706217254
2317,33.56116713976032
2318,279.15556804949625
2319,203.59821128204726
2320,307.240231766107
2321,294.0720174117909
2322,275.4878815067492
2323,418.0842544921945
2324,385.4922631556536
2325,34.75332817604476
2326,306.62780429405103
2327,37.101483217415094
2328,512.3621440418209
2329,42.34562477379287
2330,376.88988928077606
2331,228.30061392474872
2332,506.84625313076424
2333,43.526614858530586
2334,292.3948847443281
2335,468.00881609447816
2336,33.61913790647997
2337,488.4631113797005
2338,443.4042021845286
2339,441.0596319919633
2340,22.4165036005675
2341,371.194244422657
2342,427.69686159399396
2343,541.079644357099
2344,38.40603540570994
2345,385.39526920371117
2346,379.03160289120285
2347,183.73762679730618
2348,103.09431720544715
2349,407.02225115695256
2350,384.56808209069027
2351,349.68281445329796
2352,44.84165218333422
2353,564.5093279536658
2354,37.36698525351234
2355,287.5775416189522
2356,468.9814785919069
2357,277.39979213801735
2358,468.3485705041904
2359,38.35793493606147
2360,467.1000388080363
2361,418.37378239181135
2362,40.8629082182111
2363,322.79021271053216
2364,478.82765555425567
2365,356.93935985168764
2366,432.7177514019381
2367,347.9680749165834
2368,30.579209232213213
2369,375.4278515786148
2370,248.80588357152277
2371,175.69840233169535
2372,203.19407847676243
2373,339.2723457157698
2374,10.843523116345047
2375,377.1945041475233
2376,310.5164152379081
2377,35.95501508195878
2378,284.9562873834006
2379,369.89433423665184
2380,126.68908850094364
2381,582.7934360027542
2382,525.9182584910396
2383,344.81650102059217
2384,19.259006802994932
2385,274.6326171360333
2386,111.91065809853076
2387,235.27148239990106
2388,25.792822016373936
2389,464.9720977745898
2390,85.31952003928087
2391,95.65158754491988
2392,110.2178300250218
2393,402.17220123621865
2394,36.38743749747394
2395,78.93383778575327
2396,243.96875747676052
2397,364.7932028131061
2398,651.9879628887289
2399,463.2474638977734
2400,40.302760876447635
2401,440.4312285067183
2402,39.146537644590445
2403,315.82901188629324
2404,131.41000046828992
2405,558.6038737453799
2406,38.08720485808683
2407,513.5371422880733
2408,38.283712729638395
2409,404.8682827605933
2410,224.60673854868799
2411,401.81300423012567
2412,39.16345482477813
2413,337.48178268220414
2414,132.42281969712275
2415,473.4277862571341
2416,37.653344107111316
2417,445.36837859214063
2418,238.1364535773885
2419,336.66653702433683
2420,474.06579446869574
2421,529.6202355444549
2422,37.797001019594255
2423,278.2779103480775
2424,453.9085699599742
2425,19.676323792445334
2426,402.02770481703413
2427,328.6971758630095
2428,327.42523080908865
2429,436.8598077569579
2430,30.368063043857973
2431,365.8626613451005
2432,305.19815143315924
2433,206.2318340575975
2434,473.54084614967604
2435,16.729751189883796
2436,267.75328245652685
2437,432.5387285731848
2438,24.957402743150926
2439,209.00352852836826
2440,421.59476980964695
2441,442.5252211270432
2442,506.35798758721376
2443,399.67848408065004
2444,323.038354206735
2445,55.59453481121521
2446,331.72249165519264
2447,253.27970675837662
2448,19.56099530985307
2449,315.61970697918804
2450,24.28210134106764
2451,301.287621416461
2452,191.2629129973213
2453,422.2301869253672
2454,26.868786453042077
2455,245.7492489248136
2456,357.7176119270929
2457,532.6890155295249
2458,284.23728440043703
2459,359.3443174710417
2460,79.19342387301899
2461,341.5699843371833
2462,45.45344600725809
2463,349.34999314032837
2464,445.44564247415167
2465,166.3437862916755
2466,102.8611402285594
2467,363.1939579734103
2468,274.51207615471225
2469,327.7996831856162
2470,57.53775889761081
2471,372.47783317261093
2472,562.7532664470046
2473,96.70976617135314
2474,196.3012432365029
2475,216.50165363309443
2476,85.61141306213864
2477,464.828769214354
2478,584.2917192997935
2479,36.217312292533315
2480,374.9403890815942
2481,301.73683197851193
2482,485.18501945812324
2483,35.84372794265154
2484,278.62108247280236
2485,483.148652167254
2486,552.8073434920444
2487,431.4547330422382
2488,56.02558115186036
2489,404.0656078212299
2490,358.2156770224872
2491,32.245337153202776
2492,371.3532191236345
2493,289.7702565616781
2494,40.9393996575121
2495,400.4716158277202
2496,151.50838408574185
2497,344.13630611028736
2498,78.31311929010876
2499,213.20489232032804
2500,267.4947485163969
2501,55.67147296056063
2502,503.4340318489766
2503,295.9654771880068
2504,474.48684993681115
2505,429.3241004423608
2506,19.471395134278776
2507,392.08721336688797
2508,31.81052129222471
2509,76.50416721040843
2510,483.885719045614
2511,326.57091419091813
2512,32.221550265511205
2513,308.03968278460275
2514,227.2094652464642
2515,383.3690658530611
2516,25.626084599505855
2517,71.39171382289543
2518,339.761694436454
2519,380.6376915635495
2520,326.89263828629333
2521,24.13882857905366
2522,345.9300270874901
2523,22.068780318079575
2524,366.5112171113021
2525,381.38781430390844
2526,303.91980914431485
2527,100.7390693522953
2528,337.69964472774245
2529,65.25211766366243
2530,94.5174964606821
2531,344.1274514470039
2532,20.16594112445918
2533,358.77714978972546
2534,402.44879577284894
2535,439.7471047258656
2536,137.61353217260006
2537,330.3237448342458
2538,260.5558711654401
2539,522.5324841043391
2540,325.6835442385043
2541,50.747726974765904
2542,342.73875323982304
2543,134.43401478696498
2544,323.95275267413365
2545,24.801645054202435
2546,266.40314729852435
2547,292.72089866991996
2548,194.63979554318803
2549,380.5380119139107
2550,303.9212475069182
2551,34.25322963448457
2552,312.62887852720434
2553,342.7136562179658
2554,36.05959735273966
2555,372.36055801483576
2556,434.4837732514355
2557,138.24123031346397
2558,752.8701112517043
2559,142.00810983591794
2560,167.5907110607942
2561,339.6048829817092
2562,123.36658989555733
2563,380.6126926296824
2564,84.90569057748917
2565,406.9025731333595
2566,24.702041841513818
2567,398.6184165510454
2568,310.9206458777616
2569,45.93864657435699
2570,428.4327760320557
2571,32.48376611971969
2572,376.2581734288995
2573,35.69776857939851
2574,283.7088871641092
2575,318.0445854706936
2576,148.50947113144267
2577,96.34141207064576
2578,357.3676105146206
2579,266.87435960324285
2580,343.7995417157348
2581,463.95248128488015
2582,315.1147575988474
2583,34.89827054687983
2584,512.5801762029822
2585,283.6858584127316
2586,220.92126366777697
2587,174.49493548149724
2588,99.14391713524947
2589,352.81270250907676
2590,356.7225746857907
2591,436.05964687603546
2592,19.928173180019108
2593,513.5906418852442
2594,424.06625816141224
2595,36.84343076327528
2596,222.59771959322396
2597,476.1215275846515
2598,35.163143727182785
2599,413.29052322750124
2600,33.92762376027427
2601,291.01020492541943
2602,58.14946292108526
2603,443.72568754352875
2604,354.4900547289681
2605,71.92131538083956
2606,173.70096324505775
2607,163.945820375154
2608,362.65884333852637
2609,291.77973126492327
2610,367.5944411188061
2611,154.7227062756436
2612,339.27250574740367
2613,24.302421904554492
2614,355.64864301404305
2615,358.48371436799806
2616,22.25418748223341
2617,373.04551250419087
2618,202.67656843899707
2619,347.0642515069862
2620,20.077595542336415
2621,404.155730382237
2622,382.6146115950745
2623,25.818448691055632
2624,122.08293676103186
2625,490.2286189520162
2626,21.215063900238786
2627,268.9814445641792
2628,483.16066943473135
2629,271.64463812595267
2630,1292.5519710824412
2631,301.9983974065084
2632,243.2382449555846
2633,290.2786167403256
2634,471.07743534866796
2635,15.318679656473659
2636,57.141489454084606
2637,418.71295016091307
2638,436.77145321123123
2639,30.881168631425343
2640,343.1468816128509
2641,71.22400870113816
2642,472.40466972629156
2643,374.7190114471081
2644,68.6992043536128
2645,253.0676059453015
2646,115.31069050421071
2647,380.2021313387143
2648,405.4518966927442
2649,52.399593499781595
2650,389.25511387546527
2651,236.07862389103954
2652,489.1349756956583
2653,54.0968653245982
2654,366.5627263066029
2655,506.2984613154964
2656,429.09016801568293
2657,175.4996294096513
2658,136.39305374623623
2659,515.8710144474693
2660,316.417033480105
2661,39.84679496054084
2662,294.463975847005
2663,262.5648442823198
2664,419.232242671999
2665,36.12628939697511
2666,260.6955657950334
2667,414.02822822938015
2668,315.42231591359223
2669,113.9051753054866
2670,439.78571352345256
2671,39.99526874547407
2672,216.3783744789882
2673,345.2618009301837
2674,45.58740934715477
2675,340.5617965970616
2676,68.16497354825765
2677,520.9400980122987
2678,89.84365887690674
2679,416.3431318020066
2680,146.92650405901097
2681,149.41039409697487
2682,374.33157207386915
2683,-27.918369048299272
2684,286.38138181346756
2685,69.82591142189685
2686,464.76008559820065
2687,60.56297656831443
2688,316.2778417718818
2689,67.9305323510161
2690,375.21915654231566
2691,81.21820275746802
2692,149.30634696757988
2693,193.27876452373854
2694,272.42293438698806
2695,199.6141004067072
2696,155.92475233756716
2697,519.3144257899177
2698,43.59883861675162
2699,440.22036642018463
2700,362.53115282754544
2701,49.132045229625156
2702,334.40426042918733
2703,57.122010820142286
2704,150.3172668306047
2705,458.57941752927366
2706,42.97138870569398
2707,88.6276822710165
2708,371.29146094478415
2709,43.57099404522991
2710,363.0503019361071
2711,102.55819102454763
2712,126.22882311228295
2713,403.23423715134226
2714,347.5221320977908
2715,342.421527051235
2716,304.22595950257227
2717,245.62029750101144
2718,440.7318600134687
2719,43.561762172599614
2720,432.58159319089015
2721,294.17522146984135
2722,41.977256780603845
2723,473.0381445461482
2724,365.9832856647503
2725,396.7099639869148
2726,102.25775551748717
2727,263.6640293667635
2728,123.02544989113548
2729,411.4435253935785
2730,203.06910254992627
2731,124.29072109559891
2732,259.2389787943122
2733,42.23330918385666
2734,323.8832651785916
2735,42.53999293472836
2736,189.63653893591714
2737,277.5046823258306
2738,190.10289056354674
2739,272.2192213683695
2740,60.31282457616539
2741,233.64526795987607
2742,49.245817675346544
2743,392.05379961240646
2744,40.91029888843979
2745,282.77155872609467
2746,55.78728311349619
2747,313.42724633685754
2748,68.09770094292502
2749,146.18366044208028
2750,173.9500978028314
2751,253.47711494045862
2752,132.1130604288953
2753,166.9219208329163
2754,300.29940107332504
2755,63.83265927257103
2756,356.6548907620569
2757,341.7885906294977
2758,69.41036194692325
2759,189.94643016915603
2760,275.8248926091763
2761,56.629179003368066
2762,419.68739994955
2763,45.300872584209316
2764,459.2053124550412
2765,433.6364132938438
2766,55.92536094826273
2767,358.46201679325077
2768,338.7278211070364
2769,50.336493205609
2770,334.1727695605293
2771,51.90613298311925
2772,150.50118038302605
2773,458.4816354393988
2774,46.76149413617362
2775,90.28248027803443
2776,367.83111736064683
2777,45.854842603490006
2778,361.2440788019797
2779,101.08175598629933
2780,127.29575658270672
2781,395.34442706788406
2782,307.4328012783672
2783,53.0316136067592
2784,499.0639767434833
2785,449.58260414392277
2786,44.53874368866319
2787,367.1508578622204
2788,342.9343568840892
2789,352.6547790281692
2790,362.61082287769347
2791,306.77687830225
2792,248.52805993655485
2793,460.8146752475822
2794,46.112680972277346
2795,447.95220590989226
2796,37.40385909532168
2797,87.4265942806172
2798,331.09027355919346
2799,45.63785469525939
2800,188.9213272697694
2801,266.26728164570784
2802,160.2732353307117
2803,346.2395030893387
2804,83.06879516331969
2805,150.06759750122714
2806,262.99668313698885
2807,133.37751993251817
2808,162.27395455760245
2809,429.1043740491724
2810,45.33970106215824
2811,167.68357211409224
2812,425.6817551567532
2813,754.1986620274977
2814,303.3040369032146
2815,27.847750358923086
2816,285.9481532540005
2817,26.27176070735249
2818,451.3907477046744
2819,278.5431571833513
2820,483.7543889176933
2821,149.08238300974259
2822,301.1508297158044
2823,33.62049964327633
2824,217.511605100331
2825,344.36972508068243
2826,20.441136862914256
2827,437.00500425989566
2828,42.08860451034104
2829,223.04633392028236
2830,411.8468712137904
2831,439.9358068063366
2832,225.97327399051636
2833,102.38750004697097
2834,449.9119598057942
2835,230.714804823503
2836,36.84615159354641
2837,435.9115314529051
2838,458.89362335777247
2839,40.73069332446368
2840,430.8318390415878
2841,42.39364697522995
2842,485.6324759245255
2843,45.3411449212548
2844,435.5794694529685
2845,129.9578285329428
2846,251.3703076710794
2847,372.71575383329423
2848,124.25880951152638
2849,283.1101609696704
2850,63.223826336051935
2851,481.5053975872677
2852,42.29817731470809
2853,257.5481504833975
2854,143.49349779233486
2855,134.85993459900948
2856,471.6936880775568
2857,46.94170432660487
2858,415.2393526315541
2859,415.4753477292776
2860,19.426767051118325
2861,383.9318151820137
2862,35.56472762459045
2863,132.37251550020858
2864,413.18612770651293
2865,35.06563053047717
2866,92.27737167574199
2867,363.6228626704026
2868,316.15213772402313
2869,26.064816547332555
2870,331.8775063258617
2871,343.5696556874436
2872,363.82796087930836
2873,280.2983345133864
2874,21.211915894076125
2875,245.97084950139478
2876,17.983294704133225
2877,128.42378654155308
2878,280.49448044820394
2879,241.80865500535566
2880,28.691550693717907
2881,345.17489769550843
2882,97.09096367580867
2883,81.54889459059834
2884,193.06578519672797
2885,358.2892340870294
2886,27.64410719288053
2887,287.8725664839815
2888,312.37596332953484
2889,34.940901366145845
2890,199.65958118554926
2891,215.22685886253734
2892,344.79196798492467
2893,37.240484929703634
2894,320.0127677658522
2895,353.56432867080684
2896,41.58410233026207
2897,139.96208723196187
2898,363.1254334742
2899,413.9283076218652
2900,68.4846121656132
2901,139.32797488700368
2902,223.8473253443264
2903,288.55439250347735
2904,58.72933542225567
2905,200.84908992730607
2906,360.7323035744203
2907,40.68388495813544
2908,82.52986169687814
2909,275.0710637190034
2910,433.6512783287831
2911,172.39382800922886
2912,486.14789503232873
2913,77.36987272022861
2914,395.6372735787209
2915,456.27744640248727
2916,80.5838059930344
2917,494.0631038932914
2918,38.576478282510585
2919,274.814822361347
2920,433.3825109917768
2921,117.66271955766838
2922,384.34242941186506
2923,39.31607935216613
2924,458.3209850409759
2925,282.5492588397301
2926,34.22268656792868
2927,241.91336458219138
2928,248.62682049922222
2929,52.03583376440454
2930,503.24744137808574
2931,30.48886689164066
2932,351.0658340105922
2933,260.8210408850868
2934,405.3065782657718
2935,573.634604130656
2936,42.72747365610622
2937,368.7569045257327
2938,215.13968951428797
2939,446.8163258454296
2940,197.35617898039405
2941,156.44728293598266
2942,363.1315766172884
2943,32.306870939924565
2944,364.35944579901803
2945,30.99386956783189
2946,492.88747720496053
2947,426.9954070681318
2948,27.48324436944988
2949,384.2998451282376
2950,24.24979629648284
2951,341.270333585094
2952,23.99772326228093
2953,401.7715752351077
2954,285.1118754442469
2955,22.194584598691808
2956,306.54235764091385
2957,249.78188895667492
2958,299.6459948938744
2959,21.800198311121814
2960,365.19903865253053
2961,20.783499526593967
2962,283.2980562993906
2963,42.99984125570697
2964,300.9972124552854
2965,570.6883812816048
2966,28.975970911634395
2967,349.7098545415269
2968,276.0002121355795
2969,445.0366188454708
2970,19.594311079889078
2971,439.25233186744276
2972,390.5391679782611
2973,44.73142247703824
2974,206.22355606204485
2975,543.3799156212629
1225,268.80268706217254
1226,33.56116713976032
1227,279.15556804949625
1228,203.59821128204726
1229,307.240231766107
1230,294.0720174117909
1231,275.4878815067492
1232,418.0842544921945
1233,385.4922631556536
1234,34.75332817604476
1235,306.62780429405103
1236,37.101483217415094
1237,512.3621440418209
1238,42.34562477379287
1239,376.88988928077606
1240,228.30061392474872
1241,506.84625313076424
1242,43.526614858530586
1243,292.3948847443281
1244,468.00881609447816
1245,33.61913790647997
1246,488.4631113797005
1247,443.4042021845286
1248,441.0596319919633
1249,22.4165036005675
1250,371.194244422657
1251,427.69686159399396
1252,541.079644357099
1253,38.40603540570994
1254,385.39526920371117
1255,379.03160289120285
1256,183.73762679730618
1257,103.09431720544715
1258,407.02225115695256
1259,384.56808209069027
1260,349.68281445329796
1261,44.84165218333422
1262,564.5093279536658
1263,37.36698525351234
1264,287.5775416189522
1265,468.9814785919069
1266,277.39979213801735
1267,468.3485705041904
1268,38.35793493606147
1269,467.1000388080363
1270,418.37378239181135
1271,40.8629082182111
1272,322.79021271053216
1273,478.82765555425567
1274,356.93935985168764
1275,432.7177514019381
1276,347.9680749165834
1277,30.579209232213213
1278,375.4278515786148
1279,248.80588357152277
1280,175.69840233169535
1281,203.19407847676243
1282,339.2723457157698
1283,10.843523116345047
1284,377.1945041475233
1285,310.5164152379081
1286,35.95501508195878
1287,284.9562873834006
1288,369.89433423665184
1289,126.68908850094364
1290,582.7934360027542
1291,525.9182584910396
1292,344.81650102059217
1293,19.259006802994932
1294,274.6326171360333
1295,111.91065809853076
1296,235.27148239990106
1297,25.792822016373936
1298,464.9720977745898
1299,85.31952003928087
1300,95.65158754491988
1301,110.2178300250218
1302,402.17220123621865
1303,36.38743749747394
1304,78.93383778575327
1305,243.96875747676052
1306,364.7932028131061
1307,651.9879628887289
1308,463.2474638977734
1309,40.302760876447635
1310,440.4312285067183
1311,39.146537644590445
1312,315.82901188629324
1313,131.41000046828992
1314,558.6038737453799
1315,38.08720485808683
1316,513.5371422880733
1317,38.283712729638395
1318,404.8682827605933
1319,224.60673854868799
1320,401.81300423012567
1321,39.16345482477813
1322,337.48178268220414
1323,132.42281969712275
1324,473.4277862571341
1325,37.653344107111316
1326,445.36837859214063
1327,238.1364535773885
1328,336.66653702433683
1329,474.06579446869574
1330,529.6202355444549
1331,37.797001019594255
1332,278.2779103480775
1333,453.9085699599742
1334,19.676323792445334
1335,402.02770481703413
1336,328.6971758630095
1337,327.42523080908865
1338,436.8598077569579
1339,30.368063043857973
1340,365.8626613451005
1341,305.19815143315924
1342,206.2318340575975
1343,473.54084614967604
1344,16.729751189883796
1345,267.75328245652685
1346,432.5387285731848
1347,24.957402743150926
1348,209.00352852836826
1349,421.59476980964695
1350,442.5252211270432
1351,506.35798758721376
1352,399.67848408065004
1353,323.038354206735
1354,55.59453481121521
1355,331.72249165519264
1356,253.27970675837662
1357,19.56099530985307
1358,315.61970697918804
1359,24.28210134106764
1360,301.287621416461
1361,191.2629129973213
1362,422.2301869253672
1363,26.868786453042077
1364,245.7492489248136
1365,357.7176119270929
1366,532.6890155295249
1367,284.23728440043703
1368,359.3443174710417
1369,79.19342387301899
1370,341.5699843371833
1371,45.45344600725809
1372,349.34999314032837
1373,445.44564247415167
1374,166.3437862916755
1375,102.8611402285594
1376,363.1939579734103
1377,274.51207615471225
1378,327.7996831856162
1379,57.53775889761081
1380,372.47783317261093
1381,562.7532664470046
1382,96.70976617135314
1383,196.3012432365029
1384,216.50165363309443
1385,85.61141306213864
1386,464.828769214354
1387,584.2917192997935
1388,36.217312292533315
1389,374.9403890815942
1390,301.73683197851193
1391,485.18501945812324
1392,35.84372794265154
1393,278.62108247280236
1394,483.148652167254
1395,552.8073434920444
1396,431.4547330422382
1397,56.02558115186036
1398,404.0656078212299
1399,358.2156770224872
1400,32.245337153202776
1401,371.3532191236345
1402,289.7702565616781
1403,40.9393996575121
1404,400.4716158277202
1405,151.50838408574185
1406,344.13630611028736
1407,78.31311929010876
1408,213.20489232032804
1409,267.4947485163969
1410,55.67147296056063
1411,503.4340318489766
1412,295.9654771880068
1413,474.48684993681115
1414,429.3241004423608
1415,19.471395134278776
1416,392.08721336688797
1417,31.81052129222471
1418,76.50416721040843
1419,483.885719045614
1420,326.57091419091813
1421,32.221550265511205
1422,308.03968278460275
1423,227.2094652464642
1424,383.3690658530611
1425,25.626084599505855
1426,71.39171382289543
1427,339.761694436454
1428,380.6376915635495
1429,326.89263828629333
1430,24.13882857905366
1431,345.9300270874901
1432,22.068780318079575
1433,366.5112171113021
1434,381.38781430390844
1435,303.91980914431485
1436,100.7390693522953
1437,337.69964472774245
1438,65.25211766366243
1439,94.5174964606821
1440,344.1274514470039
1441,20.16594112445918
1442,358.77714978972546
1443,402.44879577284894
1444,439.7471047258656
1445,137.61353217260006
1446,330.3237448342458
1447,260.5558711654401
1448,522.5324841043391
1449,325.6835442385043
1450,50.747726974765904
1451,342.73875323982304
1452,134.43401478696498
1453,323.95275267413365
1454,24.801645054202435
1455,266.40314729852435
1456,292.72089866991996
1457,194.63979554318803
1458,380.5380119139107
1459,303.9212475069182
1460,34.25322963448457
1461,312.62887852720434
1462,342.7136562179658
1463,36.05959735273966
1464,372.36055801483576
1465,434.4837732514355
1466,138.24123031346397
1467,752.8701112517043
1468,142.00810983591794
1469,167.5907110607942
1470,339.6048829817092
1471,123.36658989555733
1472,380.6126926296824
1473,84.90569057748917
1474,406.9025731333595
1475,24.702041841513818
1476,398.6184165510454
1477,310.9206458777616
1478,45.93864657435699
1479,428.4327760320557
1480,32.48376611971969
1481,376.2581734288995
1482,35.69776857939851
1483,283.7088871641092
1484,318.0445854706936
1485,148.50947113144267
1486,96.34141207064576
1487,357.3676105146206
1488,266.87435960324285
1489,343.7995417157348
1490,463.95248128488015
1491,315.1147575988474
1492,34.89827054687983
1493,512.5801762029822
1494,283.6858584127316
1495,220.92126366777697
1496,174.49493548149724
1497,99.14391713524947
1498,352.81270250907676
1499,356.7225746857907
1500,436.05964687603546
1501,19.928173180019108
1502,513.5906418852442
1503,424.06625816141224
1504,36.84343076327528
1505,222.59771959322396
1506,476.1215275846515
1507,35.163143727182785
1508,413.29052322750124
1509,33.92762376027427
1510,291.01020492541943
1511,58.14946292108526
1512,443.72568754352875
1513,354.4900547289681
1514,71.92131538083956
1515,173.70096324505775
1516,163.945820375154
1517,362.65884333852637
1518,291.77973126492327
1519,367.5944411188061
1520,154.7227062756436
1521,339.27250574740367
1522,24.302421904554492
1523,355.64864301404305
1524,358.48371436799806
1525,22.25418748223341
1526,373.04551250419087
1527,202.67656843899707
1528,347.0642515069862
1529,20.077595542336415
1530,404.155730382237
1531,382.6146115950745
1532,25.818448691055632
1533,122.08293676103186
1534,490.2286189520162
1535,21.215063900238786
1536,268.9814445641792
1537,483.16066943473135
1538,271.64463812595267
1539,1292.5519710824412
1540,301.9983974065084
1541,243.2382449555846
1542,290.2786167403256
1543,471.07743534866796
1544,15.318679656473659
1545,57.141489454084606
1546,418.71295016091307
1547,436.77145321123123
1548,30.881168631425343
1549,343.1468816128509
1550,71.22400870113816
1551,472.40466972629156
1552,374.7190114471081
1553,68.6992043536128
1554,253.0676059453015
1555,115.31069050421071
1556,380.2021313387143
1557,405.4518966927442
1558,52.399593499781595
1559,389.25511387546527
1560,236.07862389103954
1561,489.1349756956583
1562,54.0968653245982
1563,366.5627263066029
1564,506.2984613154964
1565,429.09016801568293
1566,175.4996294096513
1567,136.39305374623623
1568,515.8710144474693
1569,316.417033480105
1570,39.84679496054084
1571,294.463975847005
1572,262.5648442823198
1573,419.232242671999
1574,36.12628939697511
1575,260.6955657950334
1576,414.02822822938015
1577,315.42231591359223
1578,113.9051753054866
1579,439.78571352345256
1580,39.99526874547407
1581,216.3783744789882
1582,345.2618009301837
1583,45.58740934715477
1584,340.5617965970616
1585,68.16497354825765
1586,520.9400980122987
1587,89.84365887690674
1588,416.3431318020066
1589,146.92650405901097
1590,149.41039409697487
1591,374.33157207386915
1592,-27.918369048299272
1593,286.38138181346756
1594,69.82591142189685
1595,464.76008559820065
1596,60.56297656831443
1597,316.2778417718818
1598,67.9305323510161
1599,375.21915654231566
1600,81.21820275746802
1601,149.30634696757988
1602,193.27876452373854
1603,272.42293438698806
1604,199.6141004067072
1605,155.92475233756716
1606,519.3144257899177
1607,43.59883861675162
1608,440.22036642018463
1609,362.53115282754544
1610,49.132045229625156
1611,334.40426042918733
1612,57.122010820142286
1613,150.3172668306047
1614,458.57941752927366
1615,42.97138870569398
1616,88.6276822710165
1617,371.29146094478415
1618,43.57099404522991
1619,363.0503019361071
1620,102.55819102454763
1621,126.22882311228295
1622,403.23423715134226
1623,347.5221320977908
1624,342.421527051235
1625,304.22595950257227
1626,245.62029750101144
1627,440.7318600134687
1628,43.561762172599614
1629,432.58159319089015
1630,294.17522146984135
1631,41.977256780603845
1632,473.0381445461482
1633,365.9832856647503
1634,396.7099639869148
1635,102.25775551748717
1636,263.6640293667635
1637,123.02544989113548
1638,411.4435253935785
1639,203.06910254992627
1640,124.29072109559891
1641,259.2389787943122
1642,42.23330918385666
1643,323.8832651785916
1644,42.53999293472836
1645,189.63653893591714
1646,277.5046823258306
1647,190.10289056354674
1648,272.2192213683695
1649,60.31282457616539
1650,233.64526795987607
1651,49.245817675346544
1652,392.05379961240646
1653,40.91029888843979
1654,282.77155872609467
1655,55.78728311349619
1656,313.42724633685754
1657,68.09770094292502
1658,146.18366044208028
1659,173.9500978028314
1660,253.47711494045862
1661,132.1130604288953
1662,166.9219208329163
1663,300.29940107332504
1664,63.83265927257103
1665,356.6548907620569
1666,341.7885906294977
1667,69.41036194692325
1668,189.94643016915603
1669,275.8248926091763
1670,56.629179003368066
1671,419.68739994955
1672,45.300872584209316
1673,459.2053124550412
1674,433.6364132938438
1675,55.92536094826273
1676,358.46201679325077
1677,338.7278211070364
1678,50.336493205609
1679,334.1727695605293
1680,51.90613298311925
1681,150.50118038302605
1682,458.4816354393988
1683,46.76149413617362
1684,90.28248027803443
1685,367.83111736064683
1686,45.854842603490006
1687,361.2440788019797
1688,101.08175598629933
1689,127.29575658270672
1690,395.34442706788406
1691,307.4328012783672
1692,53.0316136067592
1693,499.0639767434833
1694,449.58260414392277
1695,44.53874368866319
1696,367.1508578622204
1697,342.9343568840892
1698,352.6547790281692
1699,362.61082287769347
1700,306.77687830225
1701,248.52805993655485
1702,460.8146752475822
1703,46.112680972277346
1704,447.95220590989226
1705,37.40385909532168
1706,87.4265942806172
1707,331.09027355919346
1708,45.63785469525939
1709,188.9213272697694
1710,266.26728164570784
1711,160.2732353307117
1712,346.2395030893387
1713,83.06879516331969
1714,150.06759750122714
1715,262.99668313698885
1716,133.37751993251817
1717,162.27395455760245
1718,429.1043740491724
1719,45.33970106215824
1720,167.68357211409224
1721,425.6817551567532
1722,754.1986620274977
1723,303.3040369032146
1724,27.847750358923086
1725,285.9481532540005
1726,26.27176070735249
1727,451.3907477046744
1728,278.5431571833513
1729,483.7543889176933
1730,149.08238300974259
1731,301.1508297158044
1732,33.62049964327633
1733,217.511605100331
1734,344.36972508068243
1735,20.441136862914256
1736,437.00500425989566
1737,42.08860451034104
1738,223.04633392028236
1739,411.8468712137904
1740,439.9358068063366
1741,225.97327399051636
1742,102.38750004697097
1743,449.9119598057942
1744,230.714804823503
1745,36.84615159354641
1746,435.9115314529051
1747,458.89362335777247
1748,40.73069332446368
1749,430.8318390415878
1750,42.39364697522995
1751,485.6324759245255
1752,45.3411449212548
1753,435.5794694529685
1754,129.9578285329428
1755,251.3703076710794
1756,372.71575383329423
1757,124.25880951152638
1758,283.1101609696704
1759,63.223826336051935
1760,481.5053975872677
1761,42.29817731470809
1762,257.5481504833975
1763,143.49349779233486
1764,134.85993459900948
1765,471.6936880775568
1766,46.94170432660487
1767,415.2393526315541
1768,415.4753477292776
1769,19.426767051118325
1770,383.9318151820137
1771,35.56472762459045
1772,132.37251550020858
1773,413.18612770651293
1774,35.06563053047717
1775,92.27737167574199
1776,363.6228626704026
1777,316.15213772402313
1778,26.064816547332555
1779,331.8775063258617
1780,343.5696556874436
1781,363.82796087930836
1782,280.2983345133864
1783,21.211915894076125
1784,245.97084950139478
1785,17.983294704133225
1786,128.42378654155308
1787,280.49448044820394
1788,241.80865500535566
1789,28.691550693717907
1790,345.17489769550843
1791,97.09096367580867
1792,81.54889459059834
1793,193.06578519672797
1794,358.2892340870294
1795,27.64410719288053
1796,287.8725664839815
1797,312.37596332953484
1798,34.940901366145845
1799,199.65958118554926
1800,215.22685886253734
1801,344.79196798492467
1802,37.240484929703634
1803,320.0127677658522
1804,353.56432867080684
1805,41.58410233026207
1806,139.96208723196187
1807,363.1254334742
1808,413.9283076218652
1809,68.4846121656132
1810,139.32797488700368
1811,223.8473253443264
1812,288.55439250347735
1813,58.72933542225567
1814,200.84908992730607
1815,360.7323035744203
1816,40.68388495813544
1817,82.52986169687814
1818,275.0710637190034
1819,433.6512783287831
1820,172.39382800922886
1821,486.14789503232873
1822,77.36987272022861
1823,395.6372735787209
1824,456.27744640248727
1825,80.5838059930344
1826,494.0631038932914
1827,38.576478282510585
1828,274.814822361347
1829,433.3825109917768
1830,117.66271955766838
1831,384.34242941186506
1832,39.31607935216613
1833,458.3209850409759
1834,282.5492588397301
1835,34.22268656792868
1836,241.91336458219138
1837,248.62682049922222
1838,52.03583376440454
1839,503.24744137808574
1840,30.48886689164066
1841,351.0658340105922
1842,260.8210408850868
1843,405.3065782657718
1844,573.634604130656
1845,42.72747365610622
1846,368.7569045257327
1847,215.13968951428797
1848,446.8163258454296
1849,197.35617898039405
1850,156.44728293598266
1851,363.1315766172884
1852,32.306870939924565
1853,364.35944579901803
1854,30.99386956783189
1855,492.88747720496053
1856,426.9954070681318
1857,27.48324436944988
1858,384.2998451282376
1859,24.24979629648284
1860,341.270333585094
1861,23.99772326228093
1862,401.7715752351077
1863,285.1118754442469
1864,22.194584598691808
1865,306.54235764091385
1866,249.78188895667492
1867,299.6459948938744
1868,21.800198311121814
1869,365.19903865253053
1870,20.783499526593967
1871,283.2980562993906
1872,42.99984125570697
1873,300.9972124552854
1874,570.6883812816048
1875,28.975970911634395
1876,349.7098545415269
1877,276.0002121355795
1878,445.0366188454708
1879,19.594311079889078
1880,439.25233186744276
1881,390.5391679782611
1882,44.73142247703824
1883,206.22355606204485
1884,543.3799156212629
5224,1018.1290601438288
5225,74.90226669147037
5226,238.5099826145307
5227,249.5254813394433
5228,305.3740812417222
5229,31.387358656714873
5230,308.00759933957795
5231,341.2841097201941
5232,43.57832670276712
5233,571.5595532005472
5234,264.0915571540713
5235,134.1965263043669
5236,333.2148634456443
5237,43.77320249174417
5238,336.31118210994504
5239,109.32267055246187
5240,119.29354075965827
5241,256.7528930798647
5242,189.04324037216637
5243,261.76893881701875
5244,371.0539396383084
5245,428.92223311260614
5246,477.3097011999526
5247,45.83331042346588
5248,650.9502596405589
5249,37.88649169257514
5250,277.91271374698664
5251,60.88529310819718
5252,136.1845122258967
5253,295.22756436936834
5254,168.80486293364893
5255,103.68102088952213
5256,364.1344923983396
5257,42.74224662960492
5258,256.17333312606416
5259,588.4367147403768
5260,381.9015386406146
5261,151.1280203622252
5262,104.55600128631642
5263,574.1355524464543
5264,324.49826951167455
5265,370.51774332472786
5266,49.785401710655975
5267,438.6248421537371
5268,324.4757007029644
5269,226.5866660869148
5270,134.58803553142846
5271,254.75529647129977
5272,239.83785933077732
5273,242.8146202355183
5274,166.71701148980603
5275,376.11763456970056
5276,330.48892711763835
5277,36.96612782114586
5278,245.4409585252618
5279,242.28914317894566
5280,242.31955700954722
5281,431.75479331845463
5282,213.8462139580792
5283,39.004051298386344
5284,329.8318491763937
5285,26.06233116998968
5286,128.78593334168238
5287,307.00320587185956
5288,119.16235992081133
5289,334.9846440379669
5290,336.67490949802055
5291,32.57275472191612
5292,217.95652665734596
5293,207.93016668765767
5294,98.79329820530977
5295,271.1317087426065
5296,72.73356948767598
5297,255.11262198102585
5298,82.89081599071586
5299,524.49150063668
5300,113.9051753054866
5301,124.50074525314326
5302,288.46277017529303
5303,305.5334827213644
5304,51.56801298697859
5305,87.08495201689429
5306,357.6988172032049
5307,202.26560937459914
5308,335.6002749859209
5309,256.07987409844355
5310,197.30749312529076
5311,379.67964176136326
5312,235.68671297413272
5313,46.99030741320379
5314,269.54840342040904
5315,256.5409972182044
5316,460.8494233586224
5317,140.74703815332282
5318,402.0000103753187
5319,309.57420040007185
5320,69.2523406763408
5321,212.2904710185466
5322,124.68239375660028
5323,151.1020470581196
5324,536.3937771508731
5325,383.15787832816886
5326,289.1565251263409
5327,52.293268709248345
5328,238.88697644437224
5329,91.96461617661474
5330,459.4301895023155
5331,45.68218408308801
5332,341.4419001575287
5333,255.5193270660972
5334,366.48856720839694
5335,134.18215985725848
5336,355.93423770475715
5337,324.07394077130743
5338,45.16257774734285
5339,92.79933266846817
5340,434.4141742371277
5341,47.8920689747063
5342,157.70564372712838
5343,337.6070811822387
5344,53.19841613593933
5345,398.8816671379501
5346,41.59104105218034
5347,419.7041927999275
5348,240.90640385335428
5349,250.6948414826765
5350,102.61267242154219
5351,359.2232669118037
5352,11.117085111579035
5353,452.20188666192723
5354,101.47668127905165
5355,203.06606956480306
5356,188.2383590122341
5357,98.26358323939074
5358,563.4220958002373
5359,32.240210694981336
5360,255.54081200965942
5361,332.0273807540937
5362,90.93017214478847
5363,527.6388195140298
5364,104.99029630105977
5365,331.33993974661536
5366,330.9316505256969
5367,91.4627609934479
5368,233.2042486740188
5369,292.7936900170617
5370,128.8344665869808
5371,98.6285382399058
5372,313.92597915930816
5373,290.01080126344084
5374,58.457572722648806
5375,187.88499191905768
5376,118.77974241115338
5377,286.36363009335855
5378,322.55566790737885
5379,120.36145036266787
5380,635.0256677122704
5381,143.1420374464558
5382,382.99226809059905
5383,307.7635984607381
5384,467.28289093978276
5385,320.4496426473283
5386,55.19746954152964
5387,176.5506546138094
5388,265.06487531454775
5389,344.2669348275223
5390,59.15956928691619
5391,379.47014921320425
5392,131.92544235824664
5393,405.1081065969168
5394,329.2362023510917
5395,145.74287615200538
5396,131.4688250241141
5397,149.3313498851268
5398,406.1554601486192
5399,374.5969802228427
5400,52.61328975805682
5401,375.84869284366295
5402,63.183302758794994
5403,562.7137080327238
5404,332.11717487172393
5405,53.612661637899606
5406,405.42461671417897
5407,61.677559660473975
5408,346.73838398819
5409,51.24928586987211
5410,214.94676392337007
5411,92.56970235650259
5412,642.0080816267583
5413,46.191653194335
5414,259.0200552877718
5415,203.86111930945435
5416,163.44674604454025
5417,172.9690529705372
5418,396.651394573554
5419,45.90814769319013
5420,519.3579649854016
5421,196.21525808209765
5422,395.8460610776153
5423,207.89490016037325
5424,163.31377947941832
5425,200.24693232998234
5426,129.4285332243814
5427,405.7814134744634
5428,627.3949262763473
5429,42.596454990856316
5430,340.82020845934034
5431,43.35472570551796
5432,138.02988868957218
5433,505.41026730786996
5434,103.740060997759
5435,164.0683353338078
5436,156.42414271639566
5437,196.1382086186963
5438,244.9535565642898
5439,54.192130180399396
5440,394.46714707054844
5441,45.34075755626589
5442,551.3377968897465
5443,40.743302483237095
5444,250.18731465324126
5445,105.65601313873995
5446,137.1828105024743
5447,182.22816493564886
5448,112.61150057228565
5449,131.20565704515099
5450,344.9188263899154
5451,17.78242703988987
5452,322.49877128289285
5453,403.5596267772582
5454,113.11377757498319
5455,123.51581199632341
5456,313.14913594275424
5457,245.81874169924407
5458,52.37138221684781
5459,294.3157279825241
5460,42.86666409623408
5461,357.98992108441746
5462,45.277847751295056
5463,215.11364030010702
5464,591.8328258280006
5465,329.78331708429374
5466,28.528106551740212
5467,185.46320031071588
5468,140.569337764
5469,326.88348256815095
5470,29.3293295991333
5471,340.020403034564
5472,40.30841344231085
5473,329.02791324612195
5474,85.32991832858454
5475,199.0769814170967
5476,186.0959348670566
5477,275.6463807236387
5478,225.84275002398977
5479,32.426213965963825
5480,213.34433003742066
5481,196.60539988653832
5482,257.66568660565173
5483,442.55689122716757
5484,108.32822543591949
5485,268.37115289592384
5486,45.53058255115177
5487,322.4331250979492
5488,95.23733131546898
5489,320.48640783251176
5490,45.19154093332372
5491,275.7002349080739
5492,53.31317053292623
5493,134.54114931275763
5494,313.1795000284415
5495,63.64392156808909
5496,143.78424975218016
5497,142.9276065570318
5498,299.0439154235995
5499,59.6077517833088
5500,182.61980334722747
5501,116.69517159867428
5502,369.54174390372646
5503,89.61866196042857
5504,116.7460862630304
5505,387.2430603638162
5506,63.05857631315519
5507,145.09240008983275
5508,391.3630448132984
5509,336.7262350733512
5510,90.7438860814261
5511,215.8542588884486
5512,96.71499642052753
5513,294.96616887874677
5514,81.96590394924917
5515,222.4986829624291
5516,465.7409376571445
5517,37.006587448006826
5518,135.32068668002117
5519,489.45387050044195
5520,341.1091276826545
5521,55.47030690207409
5522,317.10891938635075
5523,51.837221166101074
5524,280.8220100679327
5525,93.06605712278025
5526,416.9906746332592
5527,433.87525075503953
5528,31.586505589845412
5529,336.56641970276394
5530,30.959692166290864
5531,288.2886122484731
5532,358.7172975262636
5533,412.4436660052549
5534,36.92786911831352
5535,276.34121027136104
5536,157.38301357071737
5537,99.70107292980592
5538,319.379272641787
5539,53.60306934183752
5540,383.12937841691706
5541,35.57912824050904
5542,376.86097756418707
5543,80.4086966625499
5544,103.48460953938864
5545,284.37371532789706
5546,353.3683457627461
5547,254.66159048813884
5548,26.875196936692795
5549,139.22627199045317
5550,361.05498411291524
5551,242.05874121232137
5552,80.09635403212506
5553,304.86044616387744
5554,102.58157290955432
5555,113.7518438722219
5556,591.4103683386834
5557,64.08449315953682
5558,102.9855116206394
5559,367.0997626101033
5560,217.01146894681693
5561,457.0817748003175
5562,21.967238929918175
5563,392.62883761349866
5564,129.4499767497629
5565,339.9861177020766
5566,49.10300778691996
5567,289.67544953512004
5568,326.83127862546326
5569,311.11340825608966
5570,268.5202981282526
5571,268.5833519324075
5572,21.09781819368088
5573,192.21470329268823
5574,97.49854501488967
5575,252.28777481439585
5576,121.26357580015328
5577,300.4024815558227
5578,27.29293205744008
5579,203.29430313028016
5580,96.62573478571164
5581,333.28791091637476
5582,37.46873069334774
5583,341.72784328029263
5584,177.96619188873254
5585,100.96476658141253
5586,379.99287911757256
5587,152.4357343549449
5588,221.32484412115625
5589,333.55559984837043
5590,23.755588993790486
5591,361.67689112909807
5592,297.33882790074387
5593,183.54015024522027
5594,602.0944394590764
5595,129.78423694023613
5596,337.8470703195512
5597,44.677165751355304
5598,329.9436720466835
5599,156.5900330986814
5600,181.24317800468552
5601,98.19769710844753
5602,337.1211453589923
5603,238.02468885396863
5604,241.16462280991914
5605,251.1253085746417
5606,59.140821923937054
5607,333.702069297109
5608,227.13402843237208
5609,46.47721230393224
5610,336.91768494306035
5611,168.1339593533188
5612,281.0816343271544
5613,153.9647191154788
5614,322.1733303714445
5615,476.8803981936508
5616,141.9065626223469
5617,75.87263026611318
5618,445.5990885742798
5619,31.678314988365074
5620,388.6891871050247
5621,53.91715065092986
5622,417.4055290000764
5623,33.33536295255444
5624,168.3721667080562
5625,337.776555769655
5626,345.4811520236072
5627,32.6300630353406
5628,282.58811208085854
5629,95.3369931101117
5630,291.66492565576095
5631,89.77963474160724
5632,148.3519023949436
5633,177.33564660374896
5634,212.43722550387952
5635,409.4391442799609
5636,29.015428130586578
5637,126.15254513904894
5638,125.32993750416271
5639,399.85919371503644
5640,22.002321368127166
5641,359.50924788075184
5642,63.55307626673405
5643,388.33365698996704
5644,23.301833798278896
5645,336.2366781023137
5646,216.53071108753878
5647,437.12586477767616
5648,88.6223076768268
5649,89.42917489349986
5650,408.9330152533164
5651,99.18369591388519
5652,389.05423821427473
5653,213.20864437521007
5654,254.7412109639924
8994,1018.1290601438288
8995,74.90226669147037
8996,238.5099826145307
8997,249.5254813394433
8998,305.3740812417222
8999,31.387358656714873
9000,308.00759933957795
9001,341.2841097201941
9002,43.57832670276712
9003,571.5595532005472
9004,264.0915571540713
9005,134.1965263043669
9006,333.2148634456443
9007,43.77320249174417
9008,336.31118210994504
9009,109.32267055246187
9010,119.29354075965827
9011,256.7528930798647
9012,189.04324037216637
9013,261.76893881701875
9014,371.0539396383084
9015,428.92223311260614
9016,477.3097011999526
9017,45.83331042346588
9018,650.9502596405589
9019,37.88649169257514
9020,277.91271374698664
9021,60.88529310819718
9022,136.1845122258967
9023,295.22756436936834
9024,168.80486293364893
9025,103.68102088952213
9026,364.1344923983396
9027,42.74224662960492
9028,256.17333312606416
9029,588.4367147403768
9030,381.9015386406146
9031,151.1280203622252
9032,104.55600128631642
9033,574.1355524464543
9034,324.49826951167455
9035,370.51774332472786
9036,49.785401710655975
9037,438.6248421537371
9038,324.4757007029644
9039,226.5866660869148
9040,134.58803553142846
9041,254.75529647129977
9042,239.83785933077732
9043,242.8146202355183
9044,166.71701148980603
9045,376.11763456970056
9046,330.48892711763835
9047,36.96612782114586
9048,245.4409585252618
9049,242.28914317894566
9050,242.31955700954722
9051,431.75479331845463
9052,213.8462139580792
9053,39.004051298386344
9054,329.8318491763937
9055,26.06233116998968
9056,128.78593334168238
9057,307.00320587185956
9058,119.16235992081133
9059,334.9846440379669
9060,336.67490949802055
9061,32.57275472191612
9062,217.95652665734596
9063,207.93016668765767
9064,98.79329820530977
9065,271.1317087426065
9066,72.73356948767598
9067,255.11262198102585
9068,82.89081599071586
9069,524.49150063668
9070,113.9051753054866
9071,124.50074525314326
9072,288.46277017529303
9073,305.5334827213644
9074,51.56801298697859
9075,87.08495201689429
9076,357.6988172032049
9077,202.26560937459914
9078,335.6002749859209
9079,256.07987409844355
9080,197.30749312529076
9081,379.67964176136326
9082,235.68671297413272
9083,46.99030741320379
9084,269.54840342040904
9085,256.5409972182044
9086,460.8494233586224
9087,140.74703815332282
9088,402.0000103753187
9089,309.57420040007185
9090,69.2523406763408
9091,212.2904710185466
9092,124.68239375660028
9093,151.1020470581196
9094,536.3937771508731
9095,383.15787832816886
9096,289.1565251263409
9097,52.293268709248345
9098,238.88697644437224
9099,91.96461617661474
9100,459.4301895023155
9101,45.68218408308801
9102,341.4419001575287
9103,255.5193270660972
9104,366.48856720839694
9105,134.18215985725848
9106,355.93423770475715
9107,324.07394077130743
9108,45.16257774734285
9109,92.79933266846817
9110,434.4141742371277
9111,47.8920689747063
9112,157.70564372712838
9113,337.6070811822387
9114,53.19841613593933
9115,398.8816671379501
9116,41.59104105218034
9117,419.7041927999275
9118,240.90640385335428
9119,250.6948414826765
9120,102.61267242154219
9121,359.2232669118037
9122,11.117085111579035
9123,452.20188666192723
9124,101.47668127905165
9125,203.06606956480306
9126,188.2383590122341
9127,98.26358323939074
9128,563.4220958002373
9129,32.240210694981336
9130,255.54081200965942
9131,332.0273807540937
9132,90.93017214478847
9133,527.6388195140298
9134,104.99029630105977
9135,331.33993974661536
9136,330.9316505256969
9137,91.4627609934479
9138,233.2042486740188
9139,292.7936900170617
9140,128.8344665869808
9141,98.6285382399058
9142,313.92597915930816
9143,290.01080126344084
9144,58.457572722648806
9145,187.88499191905768
9146,118.77974241115338
9147,286.36363009335855
9148,322.55566790737885
9149,120.36145036266787
9150,635.0256677122704
9151,143.1420374464558
9152,382.99226809059905
9153,307.7635984607381
9154,467.28289093978276
9155,320.4496426473283
9156,55.19746954152964
9157,176.5506546138094
9158,265.06487531454775
9159,344.2669348275223
9160,59.15956928691619
9161,379.47014921320425
9162,131.92544235824664
9163,405.1081065969168
9164,329.2362023510917
9165,145.74287615200538
9166,131.4688250241141
9167,149.3313498851268
9168,406.1554601486192
9169,374.5969802228427
9170,52.61328975805682
9171,375.84869284366295
9172,63.183302758794994
9173,562.7137080327238
9174,332.11717487172393
9175,53.612661637899606
9176,405.42461671417897
9177,61.677559660473975
9178,346.73838398819
9179,51.24928586987211
9180,214.94676392337007
9181,92.56970235650259
9182,642.0080816267583
9183,46.191653194335
9184,259.0200552877718
9185,203.86111930945435
9186,163.44674604454025
9187,172.9690529705372
9188,396.651394573554
9189,45.90814769319013
9190,519.3579649854016
9191,196.21525808209765
9192,395.8460610776153
9193,207.89490016037325
9194,163.31377947941832
9195,200.24693232998234
9196,129.4285332243814
9197,405.7814134744634
9198,627.3949262763473
9199,42.596454990856316
9200,340.82020845934034
9201,43.35472570551796
9202,138.02988868957218
9203,505.41026730786996
9204,103.740060997759
9205,164.0683353338078
9206,156.42414271639566
9207,196.1382086186963
9208,244.9535565642898
9209,54.192130180399396
9210,394.46714707054844
9211,45.34075755626589
9212,551.3377968897465
9213,40.743302483237095
9214,250.18731465324126
9215,105.65601313873995
9216,137.1828105024743
9217,182.22816493564886
9218,112.61150057228565
9219,131.20565704515099
9220,344.9188263899154
9221,17.78242703988987
9222,322.49877128289285
9223,403.5596267772582
9224,113.11377757498319
9225,123.51581199632341
9226,313.14913594275424
9227,245.81874169924407
9228,52.37138221684781
9229,294.3157279825241
9230,42.86666409623408
9231,357.98992108441746
9232,45.277847751295056
9233,215.11364030010702
9234,591.8328258280006
9235,329.78331708429374
9236,28.528106551740212
9237,185.46320031071588
9238,140.569337764
9239,326.88348256815095
9240,29.3293295991333
9241,340.020403034564
9242,40.30841344231085
9243,329.02791324612195
9244,85.32991832858454
9245,199.0769814170967
9246,186.0959348670566
9247,275.6463807236387
9248,225.84275002398977
9249,32.426213965963825
9250,213.34433003742066
9251,196.60539988653832
9252,257.66568660565173
9253,442.55689122716757
9254,108.32822543591949
9255,268.37115289592384
9256,45.53058255115177
9257,322.4331250979492
9258,95.23733131546898
9259,320.48640783251176
9260,45.19154093332372
9261,275.7002349080739
9262,53.31317053292623
9263,134.54114931275763
9264,313.1795000284415
9265,63.64392156808909
9266,143.78424975218016
9267,142.9276065570318
9268,299.0439154235995
9269,59.6077517833088
9270,182.61980334722747
9271,116.69517159867428
9272,369.54174390372646
9273,89.61866196042857
9274,116.7460862630304
9275,387.2430603638162
9276,63.05857631315519
9277,145.09240008983275
9278,391.3630448132984
9279,336.7262350733512
9280,90.7438860814261
9281,215.8542588884486
9282,96.71499642052753
9283,294.96616887874677
9284,81.96590394924917
9285,222.4986829624291
9286,465.7409376571445
9287,37.006587448006826
9288,135.32068668002117
9289,489.45387050044195
9290,341.1091276826545
9291,55.47030690207409
9292,317.10891938635075
9293,51.837221166101074
9294,280.8220100679327
9295,93.06605712278025
9296,416.9906746332592
9297,433.87525075503953
9298,31.586505589845412
9299,336.56641970276394
9300,30.959692166290864
9301,288.2886122484731
9302,358.7172975262636
9303,412.4436660052549
9304,36.92786911831352
9305,276.34121027136104
9306,157.38301357071737
9307,99.70107292980592
9308,319.379272641787
9309,53.60306934183752
9310,383.12937841691706
9311,35.57912824050904
9312,376.86097756418707
9313,80.4086966625499
9314,103.48460953938864
9315,284.37371532789706
9316,353.3683457627461
9317,254.66159048813884
9318,26.875196936692795
9319,139.22627199045317
9320,361.05498411291524
9321,242.05874121232137
9322,80.09635403212506
9323,304.86044616387744
9324,102.58157290955432
9325,113.7518438722219
9326,591.4103683386834
9327,64.08449315953682
9328,102.9855116206394
9329,367.0997626101033
9330,217.01146894681693
9331,457.0817748003175
9332,21.967238929918175
9333,392.62883761349866
9334,129.4499767497629
9335,339.9861177020766
9336,49.10300778691996
9337,289.67544953512004
9338,326.83127862546326
9339,311.11340825608966
9340,268.5202981282526
9341,268.5833519324075
9342,21.09781819368088
9343,192.21470329268823
9344,97.49854501488967
9345,252.28777481439585
9346,121.26357580015328
9347,300.4024815558227
9348,27.29293205744008
9349,203.29430313028016
9350,96.62573478571164
9351,333.28791091637476
9352,37.46873069334774
9353,341.72784328029263
9354,177.96619188873254
9355,100.96476658141253
9356,379.99287911757256
9357,152.4357343549449
9358,221.32484412115625
9359,333.55559984837043
9360,23.755588993790486
9361,361.67689112909807
9362,297.33882790074387
9363,183.54015024522027
9364,602.0944394590764
9365,129.78423694023613
9366,337.8470703195512
9367,44.677165751355304
9368,329.9436720466835
9369,156.5900330986814
9370,181.24317800468552
9371,98.19769710844753
9372,337.1211453589923
9373,238.02468885396863
9374,241.16462280991914
9375,251.1253085746417
9376,59.140821923937054
9377,333.702069297109
9378,227.13402843237208
9379,46.47721230393224
9380,336.91768494306035
9381,168.1339593533188
9382,281.0816343271544
9383,153.9647191154788
9384,322.1733303714445
9385,476.8803981936508
9386,141.9065626223469
9387,75.87263026611318
9388,445.5990885742798
9389,31.678314988365074
9390,388.6891871050247
9391,53.91715065092986
9392,417.4055290000764
9393,33.33536295255444
9394,168.3721667080562
9395,337.776555769655
9396,345.4811520236072
9397,32.6300630353406
9398,282.58811208085854
9399,95.3369931101117
9400,291.66492565576095
9401,89.77963474160724
9402,148.3519023949436
9403,177.33564660374896
9404,212.43722550387952
9405,409.4391442799609
9406,29.015428130586578
9407,126.15254513904894
9408,125.32993750416271
9409,399.85919371503644
9410,22.002321368127166
9411,359.50924788075184
9412,63.55307626673405
9413,388.33365698996704
9414,23.301833798278896
9415,336.2366781023137
9416,216.53071108753878
9417,437.12586477767616
9418,88.6223076768268
9419,89.42917489349986
9420,408.9330152533164
9421,99.18369591388519
9422,389.05423821427473
9423,213.20864437521007
9424,254.7412109639924
7109,1018.1290601438288
7110,74.90226669147037
7111,238.5099826145307
7112,249.5254813394433
7113,305.3740812417222
7114,31.387358656714873
7115,308.00759933957795
7116,341.2841097201941
7117,43.57832670276712
7118,571.5595532005472
7119,264.0915571540713
7120,134.1965263043669
7121,333.2148634456443
7122,43.77320249174417
7123,336.31118210994504
7124,109.32267055246187
7125,119.29354075965827
7126,256.7528930798647
7127,189.04324037216637
7128,261.76893881701875
7129,371.0539396383084
7130,428.92223311260614
7131,477.3097011999526
7132,45.83331042346588
7133,650.9502596405589
7134,37.88649169257514
7135,277.91271374698664
7136,60.88529310819718
7137,136.1845122258967
7138,295.22756436936834
7139,168.80486293364893
7140,103.68102088952213
7141,364.1344923983396
7142,42.74224662960492
7143,256.17333312606416
7144,588.4367147403768
7145,381.9015386406146
7146,151.1280203622252
7147,104.55600128631642
7148,574.1355524464543
7149,324.49826951167455
7150,370.51774332472786
7151,49.785401710655975
7152,438.6248421537371
7153,324.4757007029644
7154,226.5866660869148
7155,134.58803553142846
7156,254.75529647129977
7157,239.83785933077732
7158,242.8146202355183
7159,166.71701148980603
7160,376.11763456970056
7161,330.48892711763835
7162,36.96612782114586
7163,245.4409585252618
7164,242.28914317894566
7165,242.31955700954722
7166,431.75479331845463
7167,213.8462139580792
7168,39.004051298386344
7169,329.8318491763937
7170,26.06233116998968
7171,128.78593334168238
7172,307.00320587185956
7173,119.16235992081133
7174,334.9846440379669
7175,336.67490949802055
7176,32.57275472191612
7177,217.95652665734596
7178,207.93016668765767
7179,98.79329820530977
7180,271.1317087426065
7181,72.73356948767598
7182,255.11262198102585
7183,82.89081599071586
7184,524.49150063668
7185,113.9051753054866
7186,124.50074525314326
7187,288.46277017529303
7188,305.5334827213644
7189,51.56801298697859
7190,87.08495201689429
7191,357.6988172032049
7192,202.26560937459914
7193,335.6002749859209
7194,256.07987409844355
7195,197.30749312529076
7196,379.67964176136326
7197,235.68671297413272
7198,46.99030741320379
7199,269.54840342040904
7200,256.5409972182044
7201,460.8494233586224
7202,140.74703815332282
7203,402.0000103753187
7204,309.57420040007185
7205,69.2523406763408
7206,212.2904710185466
7207,124.68239375660028
7208,151.1020470581196
7209,536.3937771508731
7210,383.15787832816886
7211,289.1565251263409
7212,52.293268709248345
7213,238.88697644437224
7214,91.96461617661474
7215,459.4301895023155
7216,45.68218408308801
7217,341.4419001575287
7218,255.5193270660972
7219,366.48856720839694
7220,134.18215985725848
7221,355.93423770475715
7222,324.07394077130743
7223,45.16257774734285
7224,92.79933266846817
7225,434.4141742371277
7226,47.8920689747063
7227,157.70564372712838
7228,337.6070811822387
7229,53.19841613593933
7230,398.8816671379501
7231,41.59104105218034
7232,419.7041927999275
7233,240.90640385335428
7234,250.6948414826765
7235,102.61267242154219
7236,359.2232669118037
7237,11.117085111579035
7238,452.20188666192723
7239,101.47668127905165
7240,203.06606956480306
7241,188.2383590122341
7242,98.26358323939074
7243,563.4220958002373
7244,32.240210694981336
7245,255.54081200965942
7246,332.0273807540937
7247,90.93017214478847
7248,527.6388195140298
7249,104.99029630105977
7250,331.33993974661536
7251,330.9316505256969
7252,91.4627609934479
7253,233.2042486740188
7254,292.7936900170617
7255,128.8344665869808
7256,98.6285382399058
7257,313.92597915930816
7258,290.01080126344084
7259,58.457572722648806
7260,187.88499191905768
7261,118.77974241115338
7262,286.36363009335855
7263,322.55566790737885
7264,120.36145036266787
7265,635.0256677122704
7266,143.1420374464558
7267,382.99226809059905
7268,307.7635984607381
7269,467.28289093978276
7270,320.4496426473283
7271,55.19746954152964
7272,176.5506546138094
7273,265.06487531454775
7274,344.2669348275223
7275,59.15956928691619
7276,379.47014921320425
7277,131.92544235824664
7278,405.1081065969168
7279,329.2362023510917
7280,145.74287615200538
7281,131.4688250241141
7282,149.3313498851268
7283,406.1554601486192
7284,374.5969802228427
7285,52.61328975805682
7286,375.84869284366295
7287,63.183302758794994
7288,562.7137080327238
7289,332.11717487172393
7290,53.612661637899606
7291,405.42461671417897
7292,61.677559660473975
7293,346.73838398819
7294,51.24928586987211
7295,214.94676392337007
7296,92.56970235650259
7297,642.0080816267583
7298,46.191653194335
7299,259.0200552877718
7300,203.86111930945435
7301,163.44674604454025
7302,172.9690529705372
7303,396.651394573554
7304,45.90814769319013
7305,519.3579649854016
7306,196.21525808209765
7307,395.8460610776153
7308,207.89490016037325
7309,163.31377947941832
7310,200.24693232998234
7311,129.4285332243814
7312,405.7814134744634
7313,627.3949262763473
7314,42.596454990856316
7315,340.82020845934034
7316,43.35472570551796
7317,138.02988868957218
7318,505.41026730786996
7319,103.740060997759
7320,164.0683353338078
7321,156.42414271639566
7322,196.1382086186963
7323,244.9535565642898
7324,54.192130180399396
7325,394.46714707054844
7326,45.34075755626589
7327,551.3377968897465
7328,40.743302483237095
7329,250.18731465324126
7330,105.65601313873995
7331,137.1828105024743
7332,182.22816493564886
7333,112.61150057228565
7334,131.20565704515099
7335,344.9188263899154
7336,17.78242703988987
7337,322.49877128289285
7338,403.5596267772582
7339,113.11377757498319
7340,123.51581199632341
7341,313.14913594275424
7342,245.81874169924407
7343,52.37138221684781
7344,294.3157279825241
7345,42.86666409623408
7346,357.98992108441746
7347,45.277847751295056
7348,215.11364030010702
7349,591.8328258280006
7350,329.78331708429374
7351,28.528106551740212
7352,185.46320031071588
7353,140.569337764
7354,326.88348256815095
7355,29.3293295991333
7356,340.020403034564
7357,40.30841344231085
7358,329.02791324612195
7359,85.32991832858454
7360,199.0769814170967
7361,186.0959348670566
7362,275.6463807236387
7363,225.84275002398977
7364,32.426213965963825
7365,213.34433003742066
7366,196.60539988653832
7367,257.66568660565173
7368,442.55689122716757
7369,108.32822543591949
7370,268.37115289592384
7371,45.53058255115177
7372,322.4331250979492
7373,95.23733131546898
7374,320.48640783251176
7375,45.19154093332372
7376,275.7002349080739
7377,53.31317053292623
7378,134.54114931275763
7379,313.1795000284415
7380,63.64392156808909
7381,143.78424975218016
7382,142.9276065570318
7383,299.0439154235995
7384,59.6077517833088
7385,182.61980334722747
7386,116.69517159867428
7387,369.54174390372646
7388,89.61866196042857
7389,116.7460862630304
7390,387.2430603638162
7391,63.05857631315519
7392,145.09240008983275
7393,391.3630448132984
7394,336.7262350733512
7395,90.7438860814261
7396,215.8542588884486
7397,96.71499642052753
7398,294.96616887874677
7399,81.96590394924917
7400,222.4986829624291
7401,465.7409376571445
7402,37.006587448006826
7403,135.32068668002117
7404,489.45387050044195
7405,341.1091276826545
7406,55.47030690207409
7407,317.10891938635075
7408,51.837221166101074
7409,280.8220100679327
7410,93.06605712278025
7411,416.9906746332592
7412,433.87525075503953
7413,31.586505589845412
7414,336.56641970276394
7415,30.959692166290864
7416,288.2886122484731
7417,358.7172975262636
7418,412.4436660052549
7419,36.92786911831352
7420,276.34121027136104
7421,157.38301357071737
7422,99.70107292980592
7423,319.379272641787
7424,53.60306934183752
7425,383.12937841691706
7426,35.57912824050904
7427,376.86097756418707
7428,80.4086966625499
7429,103.48460953938864
7430,284.37371532789706
7431,353.3683457627461
7432,254.66159048813884
7433,26.875196936692795
7434,139.22627199045317
7435,361.05498411291524
7436,242.05874121232137
7437,80.09635403212506
7438,304.86044616387744
7439,102.58157290955432
7440,113.7518438722219
7441,591.4103683386834
7442,64.08449315953682
7443,102.9855116206394
7444,367.0997626101033
7445,217.01146894681693
7446,457.0817748003175
7447,21.967238929918175
7448,392.62883761349866
7449,129.4499767497629
7450,339.9861177020766
7451,49.10300778691996
7452,289.67544953512004
7453,326.83127862546326
7454,311.11340825608966
7455,268.5202981282526
7456,268.5833519324075
7457,21.09781819368088
7458,192.21470329268823
7459,97.49854501488967
7460,252.28777481439585
7461,121.26357580015328
7462,300.4024815558227
7463,27.29293205744008
7464,203.29430313028016
7465,96.62573478571164
7466,333.28791091637476
7467,37.46873069334774
7468,341.72784328029263
7469,177.96619188873254
7470,100.96476658141253
7471,379.99287911757256
7472,152.4357343549449
7473,221.32484412115625
7474,333.55559984837043
7475,23.755588993790486
7476,361.67689112909807
7477,297.33882790074387
7478,183.54015024522027
7479,602.0944394590764
7480,129.78423694023613
7481,337.8470703195512
7482,44.677165751355304
7483,329.9436720466835
7484,156.5900330986814
7485,181.24317800468552
7486,98.19769710844753
7487,337.1211453589923
7488,238.02468885396863
7489,241.16462280991914
7490,251.1253085746417
7491,59.140821923937054
7492,333.702069297109
7493,227.13402843237208
7494,46.47721230393224
7495,336.91768494306035
7496,168.1339593533188
7497,281.0816343271544
7498,153.9647191154788
7499,322.1733303714445
7500,476.8803981936508
7501,141.9065626223469
7502,75.87263026611318
7503,445.5990885742798
7504,31.678314988365074
7505,388.6891871050247
7506,53.91715065092986
7507,417.4055290000764
7508,33.33536295255444
7509,168.3721667080562
7510,337.776555769655
7511,345.4811520236072
7512,32.6300630353406
7513,282.58811208085854
7514,95.3369931101117
7515,291.66492565576095
7516,89.77963474160724
7517,148.3519023949436
7518,177.33564660374896
7519,212.43722550387952
7520,409.4391442799609
7521,29.015428130586578
7522,126.15254513904894
7523,125.32993750416271
7524,399.85919371503644
7525,22.002321368127166
7526,359.50924788075184
7527,63.55307626673405
7528,388.33365698996704
7529,23.301833798278896
7530,336.2366781023137
7531,216.53071108753878
7532,437.12586477767616
7533,88.6223076768268
7534,89.42917489349986
7535,408.9330152533164
7536,99.18369591388519
7537,389.05423821427473
7538,213.20864437521007
7539,254.7412109639924
1885,1018.1290601438288
1886,74.90226669147037
1887,238.5099826145307
1888,249.5254813394433
1889,305.3740812417222
1890,31.387358656714873
1891,308.00759933957795
1892,341.2841097201941
1893,43.57832670276712
1894,571.5595532005472
1895,264.0915571540713
1896,134.1965263043669
1897,333.2148634456443
1898,43.77320249174417
1899,336.31118210994504
1900,109.32267055246187
1901,119.29354075965827
1902,256.7528930798647
1903,189.04324037216637
1904,261.76893881701875
1905,371.0539396383084
1906,428.92223311260614
1907,477.3097011999526
1908,45.83331042346588
1909,650.9502596405589
1910,37.88649169257514
1911,277.91271374698664
1912,60.88529310819718
1913,136.1845122258967
1914,295.22756436936834
1915,168.80486293364893
1916,103.68102088952213
1917,364.1344923983396
1918,42.74224662960492
1919,256.17333312606416
1920,588.4367147403768
1921,381.9015386406146
1922,151.1280203622252
1923,104.55600128631642
1924,574.1355524464543
1925,324.49826951167455
1926,370.51774332472786
1927,49.785401710655975
1928,438.6248421537371
1929,324.4757007029644
1930,226.5866660869148
1931,134.58803553142846
1932,254.75529647129977
1933,239.83785933077732
1934,242.8146202355183
1935,166.71701148980603
1936,376.11763456970056
1937,330.48892711763835
1938,36.96612782114586
1939,245.4409585252618
1940,242.28914317894566
1941,242.31955700954722
1942,431.75479331845463
1943,213.8462139580792
1944,39.004051298386344
1945,329.8318491763937
1946,26.06233116998968
1947,128.78593334168238
1948,307.00320587185956
1949,119.16235992081133
1950,334.9846440379669
1951,336.67490949802055
1952,32.57275472191612
1953,217.95652665734596
1954,207.93016668765767
1955,98.79329820530977
1956,271.1317087426065
1957,72.73356948767598
1958,255.11262198102585
1959,82.89081599071586
1960,524.49150063668
1961,113.9051753054866
1962,124.50074525314326
1963,288.46277017529303
1964,305.5334827213644
1965,51.56801298697859
1966,87.08495201689429
1967,357.6988172032049
1968,202.26560937459914
1969,335.6002749859209
1970,256.07987409844355
1971,197.30749312529076
1972,379.67964176136326
1973,235.68671297413272
1974,46.99030741320379
1975,269.54840342040904
1976,256.5409972182044
1977,460.8494233586224
1978,140.74703815332282
1979,402.0000103753187
1980,309.57420040007185
1981,69.2523406763408
1982,212.2904710185466
1983,124.68239375660028
1984,151.1020470581196
1985,536.3937771508731
1986,383.15787832816886
1987,289.1565251263409
1988,52.293268709248345
1989,238.88697644437224
1990,91.96461617661474
1991,459.4301895023155
1992,45.68218408308801
1993,341.4419001575287
1994,255.5193270660972
1995,366.48856720839694
1996,134.18215985725848
1997,355.93423770475715
1998,324.07394077130743
1999,45.16257774734285
2000,92.79933266846817
2001,434.4141742371277
2002,47.8920689747063
2003,157.70564372712838
2004,337.6070811822387
2005,53.19841613593933
2006,398.8816671379501
2007,41.59104105218034
2008,419.7041927999275
2009,240.90640385335428
2010,250.6948414826765
2011,102.61267242154219
2012,359.2232669118037
2013,11.117085111579035
2014,452.20188666192723
2015,101.47668127905165
2016,203.06606956480306
2017,188.2383590122341
2018,98.26358323939074
2019,563.4220958002373
2020,32.240210694981336
2021,255.54081200965942
2022,332.0273807540937
2023,90.93017214478847
2024,527.6388195140298
2025,104.99029630105977
2026,331.33993974661536
2027,330.9316505256969
2028,91.4627609934479
2029,233.2042486740188
2030,292.7936900170617
2031,128.8344665869808
2032,98.6285382399058
2033,313.92597915930816
2034,290.01080126344084
2035,58.457572722648806
2036,187.88499191905768
2037,118.77974241115338
2038,286.36363009335855
2039,322.55566790737885
2040,120.36145036266787
2041,635.0256677122704
2042,143.1420374464558
2043,382.99226809059905
2044,307.7635984607381
2045,467.28289093978276
2046,320.4496426473283
2047,55.19746954152964
2048,176.5506546138094
2049,265.06487531454775
2050,344.2669348275223
2051,59.15956928691619
2052,379.47014921320425
2053,131.92544235824664
2054,405.1081065969168
2055,329.2362023510917
2056,145.74287615200538
2057,131.4688250241141
2058,149.3313498851268
2059,406.1554601486192
2060,374.5969802228427
2061,52.61328975805682
2062,375.84869284366295
2063,63.183302758794994
2064,562.7137080327238
2065,332.11717487172393
2066,53.612661637899606
2067,405.42461671417897
2068,61.677559660473975
2069,346.73838398819
2070,51.24928586987211
2071,214.94676392337007
2072,92.56970235650259
2073,642.0080816267583
2074,46.191653194335
2075,259.0200552877718
2076,203.86111930945435
2077,163.44674604454025
2078,172.9690529705372
2079,396.651394573554
2080,45.90814769319013
2081,519.3579649854016
2082,196.21525808209765
2083,395.8460610776153
2084,207.89490016037325
2085,163.31377947941832
2086,200.24693232998234
2087,129.4285332243814
2088,405.7814134744634
2089,627.3949262763473
2090,42.596454990856316
2091,340.82020845934034
2092,43.35472570551796
2093,138.02988868957218
2094,505.41026730786996
2095,103.740060997759
2096,164.0683353338078
2097,156.42414271639566
2098,196.1382086186963
2099,244.9535565642898
2100,54.192130180399396
2101,394.46714707054844
2102,45.34075755626589
2103,551.3377968897465
2104,40.743302483237095
2105,250.18731465324126
2106,105.65601313873995
2107,137.1828105024743
2108,182.22816493564886
2109,112.61150057228565
2110,131.20565704515099
2111,344.9188263899154
2112,17.78242703988987
2113,322.49877128289285
2114,403.5596267772582
2115,113.11377757498319
2116,123.51581199632341
2117,313.14913594275424
2118,245.81874169924407
2119,52.37138221684781
2120,294.3157279825241
2121,42.86666409623408
2122,357.98992108441746
2123,45.277847751295056
2124,215.11364030010702
2125,591.8328258280006
2126,329.78331708429374
2127,28.528106551740212
2128,185.46320031071588
2129,140.569337764
2130,326.88348256815095
2131,29.3293295991333
2132,340.020403034564
2133,40.30841344231085
2134,329.02791324612195
2135,85.32991832858454
2136,199.0769814170967
2137,186.0959348670566
2138,275.6463807236387
2139,225.84275002398977
2140,32.426213965963825
2141,213.34433003742066
2142,196.60539988653832
2143,257.66568660565173
2144,442.55689122716757
2145,108.32822543591949
2146,268.37115289592384
2147,45.53058255115177
2148,322.4331250979492
2149,95.23733131546898
2150,320.48640783251176
2151,45.19154093332372
2152,275.7002349080739
2153,53.31317053292623
2154,134.54114931275763
2155,313.1795000284415
2156,63.64392156808909
2157,143.78424975218016
2158,142.9276065570318
2159,299.0439154235995
2160,59.6077517833088
2161,182.61980334722747
2162,116.69517159867428
2163,369.54174390372646
2164,89.61866196042857
2165,116.7460862630304
2166,387.2430603638162
2167,63.05857631315519
2168,145.09240008983275
2169,391.3630448132984
2170,336.7262350733512
2171,90.7438860814261
2172,215.8542588884486
2173,96.71499642052753
2174,294.96616887874677
2175,81.96590394924917
2176,222.4986829624291
2177,465.7409376571445
2178,37.006587448006826
2179,135.32068668002117
2180,489.45387050044195
2181,341.1091276826545
2182,55.47030690207409
2183,317.10891938635075
2184,51.837221166101074
2185,280.8220100679327
2186,93.06605712278025
2187,416.9906746332592
2188,433.87525075503953
2189,31.586505589845412
2190,336.56641970276394
2191,30.959692166290864
2192,288.2886122484731
2193,358.7172975262636
2194,412.4436660052549
2195,36.92786911831352
2196,276.34121027136104
2197,157.38301357071737
2198,99.70107292980592
2199,319.379272641787
2200,53.60306934183752
2201,383.12937841691706
2202,35.57912824050904
2203,376.86097756418707
2204,80.4086966625499
2205,103.48460953938864
2206,284.37371532789706
2207,353.3683457627461
2208,254.66159048813884
2209,26.875196936692795
2210,139.22627199045317
2211,361.05498411291524
2212,242.05874121232137
2213,80.09635403212506
2214,304.86044616387744
2215,102.58157290955432
2216,113.7518438722219
2217,591.4103683386834
2218,64.08449315953682
2219,102.9855116206394
2220,367.0997626101033
2221,217.01146894681693
2222,457.0817748003175
2223,21.967238929918175
2224,392.62883761349866
2225,129.4499767497629
2226,339.9861177020766
2227,49.10300778691996
2228,289.67544953512004
2229,326.83127862546326
2230,311.11340825608966
2231,268.5202981282526
2232,268.5833519324075
2233,21.09781819368088
2234,192.21470329268823
2235,97.49854501488967
2236,252.28777481439585
2237,121.26357580015328
2238,300.4024815558227
2239,27.29293205744008
2240,203.29430313028016
2241,96.62573478571164
2242,333.28791091637476
2243,37.46873069334774
2244,341.72784328029263
2245,177.96619188873254
2246,100.96476658141253
2247,379.99287911757256
2248,152.4357343549449
2249,221.32484412115625
2250,333.55559984837043
2251,23.755588993790486
2252,361.67689112909807
2253,297.33882790074387
2254,183.54015024522027
2255,602.0944394590764
2256,129.78423694023613
2257,337.8470703195512
2258,44.677165751355304
2259,329.9436720466835
2260,156.5900330986814
2261,181.24317800468552
2262,98.19769710844753
2263,337.1211453589923
2264,238.02468885396863
2265,241.16462280991914
2266,251.1253085746417
2267,59.140821923937054
2268,333.702069297109
2269,227.13402843237208
2270,46.47721230393224
2271,336.91768494306035
2272,168.1339593533188
2273,281.0816343271544
2274,153.9647191154788
2275,322.1733303714445
2276,476.8803981936508
2277,141.9065626223469
2278,75.87263026611318
2279,445.5990885742798
2280,31.678314988365074
2281,388.6891871050247
2282,53.91715065092986
2283,417.4055290000764
2284,33.33536295255444
2285,168.3721667080562
2286,337.776555769655
2287,345.4811520236072
2288,32.6300630353406
2289,282.58811208085854
2290,95.3369931101117
2291,291.66492565576095
2292,89.77963474160724
2293,148.3519023949436
2294,177.33564660374896
2295,212.43722550387952
2296,409.4391442799609
2297,29.015428130586578
2298,126.15254513904894
2299,125.32993750416271
2300,399.85919371503644
2301,22.002321368127166
2302,359.50924788075184
2303,63.55307626673405
2304,388.33365698996704
2305,23.301833798278896
2306,336.2366781023137
2307,216.53071108753878
2308,437.12586477767616
2309,88.6223076768268
2310,89.42917489349986
2311,408.9330152533164
2312,99.18369591388519
2313,389.05423821427473
2314,213.20864437521007
2315,254.7412109639924
794,1018.1290601438288
795,74.90226669147037
796,238.5099826145307
797,249.5254813394433
798,305.3740812417222
799,31.387358656714873
800,308.00759933957795
801,341.2841097201941
802,43.57832670276712
803,571.5595532005472
804,264.0915571540713
805,134.1965263043669
806,333.2148634456443
807,43.77320249174417
808,336.31118210994504
809,109.32267055246187
810,119.29354075965827
811,256.7528930798647
812,189.04324037216637
813,261.76893881701875
814,371.0539396383084
815,428.92223311260614
816,477.3097011999526
817,45.83331042346588
818,650.9502596405589
819,37.88649169257514
820,277.91271374698664
821,60.88529310819718
822,136.1845122258967
823,295.22756436936834
824,168.80486293364893
825,103.68102088952213
826,364.1344923983396
827,42.74224662960492
828,256.17333312606416
829,588.4367147403768
830,381.9015386406146
831,151.1280203622252
832,104.55600128631642
833,574.1355524464543
834,324.49826951167455
835,370.51774332472786
836,49.785401710655975
837,438.6248421537371
838,324.4757007029644
839,226.5866660869148
840,134.58803553142846
841,254.75529647129977
842,239.83785933077732
843,242.8146202355183
844,166.71701148980603
845,376.11763456970056
846,330.48892711763835
847,36.96612782114586
848,245.4409585252618
849,242.28914317894566
850,242.31955700954722
851,431.75479331845463
852,213.8462139580792
853,39.004051298386344
854,329.8318491763937
855,26.06233116998968
856,128.78593334168238
857,307.00320587185956
858,119.16235992081133
859,334.9846440379669
860,336.67490949802055
861,32.57275472191612
862,217.95652665734596
863,207.93016668765767
864,98.79329820530977
865,271.1317087426065
866,72.73356948767598
867,255.11262198102585
868,82.89081599071586
869,524.49150063668
870,113.9051753054866
871,124.50074525314326
872,288.46277017529303
873,305.5334827213644
874,51.56801298697859
875,87.08495201689429
876,357.6988172032049
877,202.26560937459914
878,335.6002749859209
879,256.07987409844355
880,197.30749312529076
881,379.67964176136326
882,235.68671297413272
883,46.99030741320379
884,269.54840342040904
885,256.5409972182044
886,460.8494233586224
887,140.74703815332282
888,402.0000103753187
889,309.57420040007185
890,69.2523406763408
891,212.2904710185466
892,124.68239375660028
893,151.1020470581196
894,536.3937771508731
895,383.15787832816886
896,289.1565251263409
897,52.293268709248345
898,238.88697644437224
899,91.96461617661474
900,459.4301895023155
901,45.68218408308801
902,341.4419001575287
903,255.5193270660972
904,366.48856720839694
905,134.18215985725848
906,355.93423770475715
907,324.07394077130743
908,45.16257774734285
909,92.79933266846817
910,434.4141742371277
911,47.8920689747063
912,157.70564372712838
913,337.6070811822387
914,53.19841613593933
915,398.8816671379501
916,41.59104105218034
917,419.7041927999275
918,240.90640385335428
919,250.6948414826765
920,102.61267242154219
921,359.2232669118037
922,11.117085111579035
923,452.20188666192723
924,101.47668127905165
925,203.06606956480306
926,188.2383590122341
927,98.26358323939074
928,563.4220958002373
929,32.240210694981336
930,255.54081200965942
931,332.0273807540937
932,90.93017214478847
933,527.6388195140298
934,104.99029630105977
935,331.33993974661536
936,330.9316505256969
937,91.4627609934479
938,233.2042486740188
939,292.7936900170617
940,128.8344665869808
941,98.6285382399058
942,313.92597915930816
943,290.01080126344084
944,58.457572722648806
945,187.88499191905768
946,118.77974241115338
947,286.36363009335855
948,322.55566790737885
949,120.36145036266787
950,635.0256677122704
951,143.1420374464558
952,382.99226809059905
953,307.7635984607381
954,467.28289093978276
955,320.4496426473283
956,55.19746954152964
957,176.5506546138094
958,265.06487531454775
959,344.2669348275223
960,59.15956928691619
961,379.47014921320425
962,131.92544235824664
963,405.1081065969168
964,329.2362023510917
965,145.74287615200538
966,131.4688250241141
967,149.3313498851268
968,406.1554601486192
969,374.5969802228427
970,52.61328975805682
971,375.84869284366295
972,63.183302758794994
973,562.7137080327238
974,332.11717487172393
975,53.612661637899606
976,405.42461671417897
977,61.677559660473975
978,346.73838398819
979,51.24928586987211
980,214.94676392337007
981,92.56970235650259
982,642.0080816267583
983,46.191653194335
984,259.0200552877718
985,203.86111930945435
986,163.44674604454025
987,172.9690529705372
988,396.651394573554
989,45.90814769319013
990,519.3579649854016
991,196.21525808209765
992,395.8460610776153
993,207.89490016037325
994,163.31377947941832
995,200.24693232998234
996,129.4285332243814
997,405.7814134744634
998,627.3949262763473
999,42.596454990856316
1000,340.82020845934034
1001,43.35472570551796
1002,138.02988868957218
1003,505.41026730786996
1004,103.740060997759
1005,164.0683353338078
1006,156.42414271639566
1007,196.1382086186963
1008,244.9535565642898
1009,54.192130180399396
1010,394.46714707054844
1011,45.34075755626589
1012,551.3377968897465
1013,40.743302483237095
1014,250.18731465324126
1015,105.65601313873995
1016,137.1828105024743
1017,182.22816493564886
1018,112.61150057228565
1019,131.20565704515099
1020,344.9188263899154
1021,17.78242703988987
1022,322.49877128289285
1023,403.5596267772582
1024,113.11377757498319
1025,123.51581199632341
1026,313.14913594275424
1027,245.81874169924407
1028,52.37138221684781
1029,294.3157279825241
1030,42.86666409623408
1031,357.98992108441746
1032,45.277847751295056
1033,215.11364030010702
1034,591.8328258280006
1035,329.78331708429374
1036,28.528106551740212
1037,185.46320031071588
1038,140.569337764
1039,326.88348256815095
1040,29.3293295991333
1041,340.020403034564
1042,40.30841344231085
1043,329.02791324612195
1044,85.32991832858454
1045,199.0769814170967
1046,186.0959348670566
1047,275.6463807236387
1048,225.84275002398977
1049,32.426213965963825
1050,213.34433003742066
1051,196.60539988653832
1052,257.66568660565173
1053,442.55689122716757
1054,108.32822543591949
1055,268.37115289592384
1056,45.53058255115177
1057,322.4331250979492
1058,95.23733131546898
1059,320.48640783251176
1060,45.19154093332372
1061,275.7002349080739
1062,53.31317053292623
1063,134.54114931275763
1064,313.1795000284415
1065,63.64392156808909
1066,143.78424975218016
1067,142.9276065570318
1068,299.0439154235995
1069,59.6077517833088
1070,182.61980334722747
1071,116.69517159867428
1072,369.54174390372646
1073,89.61866196042857
1074,116.7460862630304
1075,387.2430603638162
1076,63.05857631315519
1077,145.09240008983275
1078,391.3630448132984
1079,336.7262350733512
1080,90.7438860814261
1081,215.8542588884486
1082,96.71499642052753
1083,294.96616887874677
1084,81.96590394924917
1085,222.4986829624291
1086,465.7409376571445
1087,37.006587448006826
1088,135.32068668002117
1089,489.45387050044195
1090,341.1091276826545
1091,55.47030690207409
1092,317.10891938635075
1093,51.837221166101074
1094,280.8220100679327
1095,93.06605712278025
1096,416.9906746332592
1097,433.87525075503953
1098,31.586505589845412
1099,336.56641970276394
1100,30.959692166290864
1101,288.2886122484731
1102,358.7172975262636
1103,412.4436660052549
1104,36.92786911831352
1105,276.34121027136104
1106,157.38301357071737
1107,99.70107292980592
1108,319.379272641787
1109,53.60306934183752
1110,383.12937841691706
1111,35.57912824050904
1112,376.86097756418707
1113,80.4086966625499
1114,103.48460953938864
1115,284.37371532789706
1116,353.3683457627461
1117,254.66159048813884
1118,26.875196936692795
1119,139.22627199045317
1120,361.05498411291524
1121,242.05874121232137
1122,80.09635403212506
1123,304.86044616387744
1124,102.58157290955432
1125,113.7518438722219
1126,591.4103683386834
1127,64.08449315953682
1128,102.9855116206394
1129,367.0997626101033
1130,217.01146894681693
1131,457.0817748003175
1132,21.967238929918175
1133,392.62883761349866
1134,129.4499767497629
1135,339.9861177020766
1136,49.10300778691996
1137,289.67544953512004
1138,326.83127862546326
1139,311.11340825608966
1140,268.5202981282526
1141,268.5833519324075
1142,21.09781819368088
1143,192.21470329268823
1144,97.49854501488967
1145,252.28777481439585
1146,121.26357580015328
1147,300.4024815558227
1148,27.29293205744008
1149,203.29430313028016
1150,96.62573478571164
1151,333.28791091637476
1152,37.46873069334774
1153,341.72784328029263
1154,177.96619188873254
1155,100.96476658141253
1156,379.99287911757256
1157,152.4357343549449
1158,221.32484412115625
1159,333.55559984837043
1160,23.755588993790486
1161,361.67689112909807
1162,297.33882790074387
1163,183.54015024522027
1164,602.0944394590764
1165,129.78423694023613
1166,337.8470703195512
1167,44.677165751355304
1168,329.9436720466835
1169,156.5900330986814
1170,181.24317800468552
1171,98.19769710844753
1172,337.1211453589923
1173,238.02468885396863
1174,241.16462280991914
1175,251.1253085746417
1176,59.140821923937054
1177,333.702069297109
1178,227.13402843237208
1179,46.47721230393224
1180,336.91768494306035
1181,168.1339593533188
1182,281.0816343271544
1183,153.9647191154788
1184,322.1733303714445
1185,476.8803981936508
1186,141.9065626223469
1187,75.87263026611318
1188,445.5990885742798
1189,31.678314988365074
1190,388.6891871050247
1191,53.91715065092986
1192,417.4055290000764
1193,33.33536295255444
1194,168.3721667080562
1195,337.776555769655
1196,345.4811520236072
1197,32.6300630353406
1198,282.58811208085854
1199,95.3369931101117
1200,291.66492565576095
1201,89.77963474160724
1202,148.3519023949436
1203,177.33564660374896
1204,212.43722550387952
1205,409.4391442799609
1206,29.015428130586578
1207,126.15254513904894
1208,125.32993750416271
1209,399.85919371503644
1210,22.002321368127166
1211,359.50924788075184
1212,63.55307626673405
1213,388.33365698996704
1214,23.301833798278896
1215,336.2366781023137
1216,216.53071108753878
1217,437.12586477767616
1218,88.6223076768268
1219,89.42917489349986
1220,408.9330152533164
1221,99.18369591388519
1222,389.05423821427473
1223,213.20864437521007
1224,254.7412109639924
