subtaskID,datapointID,answer
1,0,332
1,1,52
1,2,274
1,3,46
1,4,371
1,5,44
1,6,309
1,7,254
1,8,229
1,9,330
1,10,229
1,11,38
1,12,200
1,13,309
1,14,78
1,15,317
1,16,194
1,17,221
1,18,375
1,19,536
1,20,68
1,21,283
1,22,449
1,23,269
1,24,352
1,25,75
1,26,216
1,27,225
1,28,120
1,29,100
1,30,403
1,31,70
1,32,337
1,33,471
1,34,30
1,35,351
1,36,76
1,37,367
1,38,93
1,39,351
1,40,72
1,41,403
1,42,171
1,43,270
1,44,501
1,45,74
1,46,122
1,47,385
1,48,89
1,49,223
1,50,170
1,51,350
1,52,307
1,53,76
1,54,313
1,55,115
1,56,284
1,57,355
1,58,91
1,59,433
1,60,66
1,61,284
1,62,112
1,63,350
1,64,296
1,65,342
1,66,69
1,67,205
1,68,221
1,69,396
1,70,59
1,71,388
1,72,58
1,73,367
1,74,368
1,75,310
1,76,131
1,77,171
1,78,97
1,79,390
1,80,40
1,81,421
1,82,226
1,83,350
1,84,66
1,85,299
1,86,120
1,87,254
1,88,400
1,89,379
1,90,366
1,91,66
1,92,163
1,93,441
1,94,361
1,95,308
1,96,287
1,97,328
1,98,270
1,99,47
1,100,296
1,101,41
1,102,341
1,103,182
1,104,318
1,105,99
1,106,161
1,107,252
1,108,50
1,109,245
1,110,396
1,111,49
1,112,386
1,113,51
1,114,190
1,115,400
1,116,427
1,117,399
1,118,192
1,119,125
1,120,191
1,121,132
1,122,235
1,123,282
1,124,370
1,125,153
1,126,454
1,127,50
1,128,204
1,129,245
1,130,345
1,131,52
1,132,319
1,133,87
1,134,218
1,135,117
1,136,296
1,137,366
1,138,388
1,139,407
1,140,376
1,141,119
1,142,195
1,143,346
1,144,411
1,145,405
1,146,44
1,147,396
1,148,26
1,149,370
1,150,226
1,151,45
1,152,251
1,153,374
1,154,196
1,155,383
1,156,396
1,157,378
1,158,416
1,159,94
1,160,177
1,161,493
1,162,141
1,163,184
1,164,144
1,165,119
1,166,298
1,167,46
1,168,275
1,169,224
1,170,213
1,171,291
1,172,341
1,173,44
1,174,238
1,175,91
1,176,299
1,177,50
1,178,322
1,179,78
1,180,355
1,181,307
1,182,115
1,183,420
1,184,354
1,185,389
1,186,409
1,187,380
1,188,53
1,189,307
1,190,52
1,191,342
1,192,371
1,193,49
1,194,235
1,195,307
1,196,100
1,197,240
1,198,120
1,199,645
1,200,53
1,201,381
1,202,93
1,203,309
1,204,56
1,205,233
1,206,434
1,207,374
1,208,51
1,209,97
1,210,355
1,211,55
1,212,527
1,213,73
1,214,182
1,215,408
1,216,41
1,217,388
1,218,46
1,219,361
1,220,147
1,221,252
1,222,268
1,223,256
1,224,102
1,225,259
1,226,387
1,227,50
1,228,292
1,229,207
1,230,311
1,231,147
1,232,132
1,233,369
1,234,236
1,235,52
1,236,245
1,237,205
1,238,357
1,239,81
1,240,108
1,241,367
1,242,140
1,243,243
1,244,256
1,245,263
1,246,195
1,247,359
1,248,92
1,249,221
1,250,135
1,251,268
1,252,116
1,253,303
1,254,55
1,255,148
1,256,318
1,257,260
1,258,342
1,259,362
1,260,138
1,261,373
1,262,47
1,263,329
1,264,110
1,265,240
1,266,323
1,267,290
1,268,175
1,269,314
1,270,377
1,271,195
1,272,329
1,273,338
1,274,298
1,275,216
1,276,53
1,277,348
1,278,44
1,279,307
1,280,349
1,281,331
1,282,48
1,283,416
1,284,362
1,285,303
1,286,321
1,287,407
1,288,92
1,289,129
1,290,149
1,291,352
1,292,300
1,293,379
1,294,270
1,295,388
1,296,269
1,297,115
1,298,433
1,299,47
1,300,351
1,301,380
1,302,409
1,303,404
1,304,412
1,305,47
1,306,302
1,307,657
1,308,91
1,309,326
1,310,487
1,311,452
1,312,407
1,313,411
1,314,76
1,315,403
1,316,343
1,317,367
1,318,64
1,319,300
1,320,285
1,321,386
1,322,351
1,323,36
1,324,417
1,325,34
1,326,407
1,327,475
1,328,393
1,329,42
1,330,104
1,331,358
1,332,49
1,333,383
1,334,184
1,335,264
1,336,104
1,337,292
1,338,195
1,339,204
1,340,90
1,341,179
1,342,316
1,343,98
1,344,219
1,345,290
1,346,148
1,347,106
1,348,440
1,349,444
1,350,270
1,351,179
1,352,177
1,353,163
1,354,246
1,355,326
1,356,55
1,357,349
1,358,50
1,359,272
1,360,75
1,361,158
1,362,252
1,363,374
1,364,204
1,365,399
1,366,207
1,367,103
1,368,344
1,369,373
1,370,167
1,371,236
1,372,263
1,373,404
1,374,283
1,375,276
1,376,75
1,377,502
1,378,34
1,379,264
1,380,53
1,381,296
1,382,202
1,383,396
1,384,52
1,385,265
1,386,699
1,387,524
1,388,363
1,389,445
1,390,24
1,391,510
1,392,488
1,393,478
1,394,339
1,395,272
1,396,47
1,397,127
1,398,602
1,399,286
1,400,349
1,401,462
1,402,332
1,403,412
1,404,443
1,405,76
1,406,484
1,407,257
1,408,515
1,409,440
1,410,286
1,411,417
1,412,54
1,413,466
1,414,423
1,415,449
1,416,449
1,417,245
1,418,337
1,419,431
1,420,35
1,421,269
1,422,352
1,423,489
1,424,544
1,425,373
1,426,448
1,427,367
1,428,60
1,429,131
1,430,482
1,431,96
1,432,454
1,433,430
1,434,51
1,435,495
1,436,58
1,437,247
1,438,201
1,439,397
1,440,398
1,441,210
1,442,388
1,443,44
1,444,265
1,445,266
1,446,44
1,447,124
1,448,693
1,449,322
1,450,45
1,451,380
1,452,305
1,453,426
1,454,49
1,455,379
1,456,61
1,457,448
1,458,186
1,459,428
1,460,409
1,461,407
1,462,373
1,463,441
1,464,402
1,465,471
1,466,481
1,467,580
1,468,68
1,469,387
1,470,67
1,471,450
1,472,477
1,473,97
1,474,360
1,475,80
1,476,326
1,477,179
1,478,265
1,479,119
1,480,489
1,481,60
1,482,454
1,483,65
1,484,149
1,485,443
1,486,221
1,487,504
1,488,207
1,489,103
1,490,228
1,491,263
1,492,365
1,493,42
1,494,359
1,495,43
1,496,114
1,497,446
1,498,86
1,499,462
1,500,437
1,501,45
1,502,393
1,503,354
1,504,44
1,505,307
1,506,105
1,507,440
1,508,475
1,509,470
1,510,464
1,511,229
1,512,361
1,513,402
1,514,361
1,515,439
1,516,361
1,517,211
1,518,78
1,519,263
1,520,276
1,521,441
1,522,57
1,523,281
1,524,421
1,525,53
1,526,446
1,527,99
1,528,395
1,529,361
1,530,170
1,531,141
1,532,368
1,533,72
1,534,377
1,535,276
1,536,277
1,537,251
1,538,46
1,539,229
1,540,361
1,541,258
1,542,223
1,543,91
1,544,222
1,545,291
1,546,387
1,547,358
1,548,31
1,549,276
1,550,320
1,551,42
1,552,309
1,553,55
1,554,151
1,555,409
1,556,65
1,557,173
1,558,135
1,559,265
1,560,187
1,561,106
1,562,285
1,563,295
1,564,66
1,565,407
1,566,33
1,567,151
1,568,391
1,569,50
1,570,386
1,571,421
1,572,152
1,573,429
1,574,44
1,575,464
1,576,298
1,577,445
1,578,236
1,579,301
1,580,396
1,581,150
1,582,372
1,583,39
1,584,626
1,585,48
1,586,135
1,587,458
1,588,438
1,589,196
1,590,307
1,591,249
1,592,443
1,593,46
1,594,322
1,595,105
1,596,372
1,597,337
1,598,137
1,599,374
1,600,357
1,601,192
1,602,377
1,603,213
1,604,497
1,605,412
1,606,479
1,607,424
1,608,349
1,609,44
1,610,410
1,611,362
1,612,387
1,613,420
1,614,41
1,615,415
1,616,406
1,617,477
1,618,427
1,619,453
1,620,222
1,621,351
1,622,373
1,623,69
1,624,453
1,625,322
1,626,172
1,627,212
1,628,59
1,629,146
1,630,273
1,631,181
1,632,277
1,633,42
1,634,69
1,635,127
1,636,144
1,637,250
1,638,237
1,639,67
1,640,252
1,641,108
1,642,385
1,643,112
1,644,306
1,645,17
1,646,281
1,647,74
1,648,359
1,649,45
1,650,281
1,651,101
1,652,406
1,653,254
1,654,321
1,655,314
1,656,77
1,657,270
1,658,115
1,659,358
1,660,470
1,661,17
1,662,311
1,663,114
1,664,139
1,665,188
1,666,135
1,667,187
1,668,101
1,669,386
1,670,48
1,671,204
1,672,257
1,673,349
1,674,44
1,675,277
1,676,106
1,677,368
1,678,71
1,679,302
1,680,114
1,681,152
1,682,384
1,683,105
1,684,345
1,685,156
1,686,120
1,687,289
1,688,377
1,689,377
1,690,438
1,691,122
1,692,153
1,693,179
1,694,383
1,695,378
1,696,316
1,697,49
1,698,315
1,699,55
1,700,366
1,701,308
1,702,138
1,703,383
1,704,47
1,705,301
1,706,881
1,707,321
1,708,35
1,709,514
1,710,230
1,711,131
1,712,443
1,713,40
1,714,301
1,715,78
1,716,176
1,717,154
1,718,453
1,719,389
1,720,34
1,721,513
1,722,277
1,723,42
1,724,207
1,725,285
1,726,30
1,727,233
1,728,323
1,729,25
1,730,269
1,731,410
1,732,416
1,733,330
1,734,328
1,735,44
1,736,260
1,737,106
1,738,401
1,739,332
1,740,391
1,741,395
1,742,419
1,743,49
1,744,335
1,745,243
1,746,65
1,747,415
1,748,379
1,749,65
1,750,319
1,751,67
1,752,318
1,753,222
1,754,149
1,755,215
1,756,123
1,757,235
1,758,120
1,759,364
1,760,50
1,761,298
1,762,372
1,763,34
1,764,351
1,765,398
1,766,47
1,767,360
1,768,328
1,769,437
1,770,48
1,771,248
1,772,298
1,773,117
1,774,168
1,775,261
1,776,390
1,777,384
1,778,42
1,779,356
1,780,67
1,781,235
1,782,379
1,783,42
1,784,386
1,785,49
1,786,224
1,787,139
1,788,406
1,789,48
1,790,174
1,791,381
1,792,422
1,793,488
1,794,446
1,795,13
1,796,289
1,797,292
1,798,353
1,799,56
1,800,316
1,801,497
1,802,58
1,803,589
1,804,380
1,805,206
1,806,437
1,807,60
1,808,385
1,809,136
1,810,164
1,811,315
1,812,238
1,813,368
1,814,535
1,815,481
1,816,651
1,817,85
1,818,602
1,819,77
1,820,284
1,821,84
1,822,196
1,823,363
1,824,238
1,825,123
1,826,470
1,827,103
1,828,329
1,829,527
1,830,529
1,831,228
1,832,150
1,833,523
1,834,366
1,835,439
1,836,68
1,837,479
1,838,447
1,839,254
1,840,152
1,841,313
1,842,306
1,843,294
1,844,204
1,845,469
1,846,392
1,847,68
1,848,286
1,849,252
1,850,373
1,851,437
1,852,279
1,853,93
1,854,438
1,855,74
1,856,176
1,857,318
1,858,148
1,859,367
1,860,475
1,861,27
1,862,225
1,863,242
1,864,97
1,865,287
1,866,112
1,867,304
1,868,75
1,869,433
1,870,148
1,871,114
1,872,338
1,873,379
1,874,71
1,875,112
1,876,400
1,877,241
1,878,410
1,879,351
1,880,283
1,881,512
1,882,279
1,883,47
1,884,312
1,885,286
1,886,480
1,887,126
1,888,453
1,889,294
1,890,99
1,891,256
1,892,136
1,893,177
1,894,427
1,895,469
1,896,325
1,897,75
1,898,275
1,899,105
1,900,509
1,901,71
1,902,361
1,903,289
1,904,352
1,905,153
1,906,370
1,907,416
1,908,78
1,909,109
1,910,467
1,911,78
1,912,205
1,913,452
1,914,63
1,915,421
1,916,61
1,917,502
1,918,350
1,919,305
1,920,141
1,921,400
1,922,19
1,923,367
1,924,145
1,925,271
1,926,252
1,927,168
1,928,554
1,929,63
1,930,291
1,931,347
1,932,130
1,933,471
1,934,81
1,935,365
1,936,413
1,937,61
1,938,217
1,939,333
1,940,171
1,941,150
1,942,282
1,943,289
1,944,82
1,945,218
1,946,106
1,947,320
1,948,390
1,949,144
1,950,458
1,951,156
1,952,476
1,953,423
1,954,359
1,955,381
1,956,77
1,957,227
1,958,308
1,959,341
1,960,106
1,961,368
1,962,142
1,963,506
1,964,497
1,965,159
1,966,145
1,967,178
1,968,492
1,969,459
1,970,61
1,971,438
1,972,101
1,973,472
1,974,411
1,975,65
1,976,434
1,977,106
1,978,423
1,979,71
1,980,253
1,981,95
1,982,554
1,983,81
1,984,296
1,985,248
1,986,180
1,987,197
1,988,454
1,989,60
1,990,435
1,991,225
1,992,443
1,993,262
1,994,192
1,995,236
1,996,158
1,997,404
1,998,531
1,999,64
1,1000,407
1,1001,63
1,1002,181
1,1003,396
1,1004,151
1,1005,192
1,1006,170
1,1007,244
1,1008,317
1,1009,43
1,1010,456
1,1011,83
1,1012,512
1,1013,65
1,1014,252
1,1015,124
1,1016,187
1,1017,228
1,1018,158
1,1019,168
1,1020,416
1,1021,39
1,1022,416
1,1023,441
1,1024,166
1,1025,154
1,1026,280
1,1027,268
1,1028,71
1,1029,295
1,1030,47
1,1031,288
1,1032,67
1,1033,244
1,1034,487
1,1035,365
1,1036,66
1,1037,216
1,1038,170
1,1039,366
1,1040,52
1,1041,393
1,1042,64
1,1043,272
1,1044,60
1,1045,283
1,1046,129
1,1047,303
1,1048,270
1,1049,62
1,1050,267
1,1051,268
1,1052,329
1,1053,571
1,1054,132
1,1055,301
1,1056,72
1,1057,328
1,1058,124
1,1059,339
1,1060,57
1,1061,337
1,1062,73
1,1063,172
1,1064,356
1,1065,94
1,1066,212
1,1067,188
1,1068,358
1,1069,87
1,1070,239
1,1071,153
1,1072,448
1,1073,169
1,1074,159
1,1075,465
1,1076,134
1,1077,174
1,1078,438
1,1079,366
1,1080,139
1,1081,284
1,1082,125
1,1083,377
1,1084,123
1,1085,245
1,1086,505
1,1087,78
1,1088,179
1,1089,428
1,1090,424
1,1091,124
1,1092,367
1,1093,71
1,1094,311
1,1095,106
1,1096,444
1,1097,645
1,1098,62
1,1099,407
1,1100,68
1,1101,281
1,1102,452
1,1103,423
1,1104,69
1,1105,310
1,1106,197
1,1107,157
1,1108,358
1,1109,64
1,1110,459
1,1111,54
1,1112,440
1,1113,141
1,1114,149
1,1115,347
1,1116,481
1,1117,367
1,1118,73
1,1119,188
1,1120,421
1,1121,286
1,1122,115
1,1123,403
1,1124,164
1,1125,151
1,1126,627
1,1127,144
1,1128,151
1,1129,421
1,1130,242
1,1131,450
1,1132,62
1,1133,415
1,1134,201
1,1135,373
1,1136,69
1,1137,270
1,1138,384
1,1139,313
1,1140,315
1,1141,314
1,1142,50
1,1143,213
1,1144,144
1,1145,298
1,1146,137
1,1147,382
1,1148,50
1,1149,242
1,1150,124
1,1151,402
1,1152,51
1,1153,387
1,1154,240
1,1155,105
1,1156,459
1,1157,229
1,1158,283
1,1159,426
1,1160,38
1,1161,445
1,1162,317
1,1163,265
1,1164,591
1,1165,179
1,1166,379
1,1167,62
1,1168,433
1,1169,226
1,1170,237
1,1171,134
1,1172,425
1,1173,280
1,1174,303
1,1175,227
1,1176,104
1,1177,399
1,1178,275
1,1179,59
1,1180,433
1,1181,255
1,1182,315
1,1183,239
1,1184,356
1,1185,611
1,1186,204
1,1187,106
1,1188,448
1,1189,58
1,1190,345
1,1191,60
1,1192,520
1,1193,60
1,1194,184
1,1195,427
1,1196,433
1,1197,56
1,1198,271
1,1199,120
1,1200,358
1,1201,132
1,1202,195
1,1203,251
1,1204,289
1,1205,328
1,1206,99
1,1207,195
1,1208,176
1,1209,422
1,1210,53
1,1211,349
1,1212,60
1,1213,431
1,1214,70
1,1215,404
1,1216,247
1,1217,410
1,1218,141
1,1219,130
1,1220,504
1,1221,134
1,1222,395
1,1223,255
1,1224,296
1,1225,315
1,1226,55
1,1227,379
1,1228,260
1,1229,381
1,1230,316
1,1231,360
1,1232,542
1,1233,494
1,1234,76
1,1235,370
1,1236,47
1,1237,527
1,1238,69
1,1239,464
1,1240,267
1,1241,481
1,1242,77
1,1243,308
1,1244,523
1,1245,101
1,1246,670
1,1247,605
1,1248,527
1,1249,26
1,1250,477
1,1251,534
1,1252,755
1,1253,68
1,1254,459
1,1255,408
1,1256,279
1,1257,107
1,1258,492
1,1259,438
1,1260,428
1,1261,78
1,1262,655
1,1263,82
1,1264,301
1,1265,499
1,1266,338
1,1267,500
1,1268,72
1,1269,507
1,1270,529
1,1271,85
1,1272,380
1,1273,491
1,1274,447
1,1275,613
1,1276,428
1,1277,66
1,1278,444
1,1279,288
1,1280,237
1,1281,289
1,1282,432
1,1283,27
1,1284,455
1,1285,326
1,1286,61
1,1287,332
1,1288,403
1,1289,114
1,1290,651
1,1291,565
1,1292,354
1,1293,58
1,1294,293
1,1295,163
1,1296,266
1,1297,61
1,1298,560
1,1299,138
1,1300,160
1,1301,151
1,1302,534
1,1303,76
1,1304,119
1,1305,299
1,1306,469
1,1307,633
1,1308,547
1,1309,48
1,1310,538
1,1311,66
1,1312,300
1,1313,187
1,1314,494
1,1315,51
1,1316,539
1,1317,61
1,1318,492
1,1319,271
1,1320,483
1,1321,67
1,1322,375
1,1323,186
1,1324,510
1,1325,53
1,1326,507
1,1327,235
1,1328,443
1,1329,541
1,1330,502
1,1331,82
1,1332,302
1,1333,515
1,1334,22
1,1335,568
1,1336,436
1,1337,527
1,1338,435
1,1339,61
1,1340,468
1,1341,379
1,1342,259
1,1343,467
1,1344,75
1,1345,286
1,1346,477
1,1347,74
1,1348,249
1,1349,447
1,1350,506
1,1351,504
1,1352,388
1,1353,384
1,1354,119
1,1355,335
1,1356,322
1,1357,59
1,1358,362
1,1359,63
1,1360,389
1,1361,245
1,1362,455
1,1363,74
1,1364,281
1,1365,510
1,1366,836
1,1367,407
1,1368,557
1,1369,106
1,1370,447
1,1371,94
1,1372,360
1,1373,617
1,1374,215
1,1375,132
1,1376,471
1,1377,399
1,1378,321
1,1379,78
1,1380,456
1,1381,613
1,1382,199
1,1383,278
1,1384,295
1,1385,94
1,1386,584
1,1387,551
1,1388,74
1,1389,464
1,1390,357
1,1391,489
1,1392,89
1,1393,299
1,1394,631
1,1395,600
1,1396,487
1,1397,123
1,1398,496
1,1399,443
1,1400,63
1,1401,431
1,1402,297
1,1403,64
1,1404,481
1,1405,226
1,1406,438
1,1407,143
1,1408,275
1,1409,297
1,1410,66
1,1411,487
1,1412,348
1,1413,461
1,1414,541
1,1415,26
1,1416,480
1,1417,69
1,1418,99
1,1419,587
1,1420,341
1,1421,97
1,1422,374
1,1423,316
1,1424,443
1,1425,70
1,1426,104
1,1427,364
1,1428,440
1,1429,386
1,1430,59
1,1431,348
1,1432,46
1,1433,384
1,1434,492
1,1435,390
1,1436,156
1,1437,377
1,1438,126
1,1439,150
1,1440,374
1,1441,46
1,1442,427
1,1443,441
1,1444,461
1,1445,103
1,1446,451
1,1447,356
1,1448,535
1,1449,387
1,1450,113
1,1451,324
1,1452,195
1,1453,427
1,1454,57
1,1455,311
1,1456,375
1,1457,246
1,1458,461
1,1459,386
1,1460,60
1,1461,415
1,1462,412
1,1463,57
1,1464,452
1,1465,512
1,1466,177
1,1467,354
1,1468,207
1,1469,257
1,1470,421
1,1471,177
1,1472,428
1,1473,97
1,1474,460
1,1475,35
1,1476,482
1,1477,363
1,1478,94
1,1479,425
1,1480,66
1,1481,446
1,1482,77
1,1483,343
1,1484,404
1,1485,202
1,1486,132
1,1487,443
1,1488,390
1,1489,310
1,1490,532
1,1491,420
1,1492,65
1,1493,469
1,1494,378
1,1495,273
1,1496,268
1,1497,102
1,1498,420
1,1499,470
1,1500,694
1,1501,18
1,1502,541
1,1503,459
1,1504,75
1,1505,260
1,1506,464
1,1507,56
1,1508,455
1,1509,63
1,1510,334
1,1511,90
1,1512,450
1,1513,410
1,1514,129
1,1515,209
1,1516,192
1,1517,380
1,1518,359
1,1519,429
1,1520,198
1,1521,378
1,1522,58
1,1523,398
1,1524,438
1,1525,53
1,1526,419
1,1527,248
1,1528,436
1,1529,53
1,1530,433
1,1531,463
1,1532,79
1,1533,139
1,1534,416
1,1535,69
1,1536,263
1,1537,439
1,1538,291
1,1539,666
1,1540,370
1,1541,253
1,1542,336
1,1543,524
1,1544,61
1,1545,76
1,1546,407
1,1547,481
1,1548,55
1,1549,346
1,1550,45
1,1551,522
1,1552,467
1,1553,56
1,1554,272
1,1555,112
1,1556,425
1,1557,436
1,1558,51
1,1559,456
1,1560,256
1,1561,568
1,1562,55
1,1563,443
1,1564,486
1,1565,469
1,1566,187
1,1567,136
1,1568,411
1,1569,388
1,1570,52
1,1571,307
1,1572,289
1,1573,375
1,1574,49
1,1575,242
1,1576,399
1,1577,391
1,1578,105
1,1579,415
1,1580,47
1,1581,237
1,1582,379
1,1583,49
1,1584,366
1,1585,65
1,1586,456
1,1587,126
1,1588,389
1,1589,222
1,1590,198
1,1591,403
1,1592,17
1,1593,255
1,1594,83
1,1595,388
1,1596,66
1,1597,347
1,1598,69
1,1599,444
1,1600,110
1,1601,153
1,1602,223
1,1603,324
1,1604,146
1,1605,169
1,1606,469
1,1607,52
1,1608,477
1,1609,432
1,1610,62
1,1611,396
1,1612,70
1,1613,174
1,1614,458
1,1615,60
1,1616,104
1,1617,393
1,1618,57
1,1619,392
1,1620,131
1,1621,161
1,1622,404
1,1623,441
1,1624,360
1,1625,321
1,1626,283
1,1627,469
1,1628,52
1,1629,444
1,1630,327
1,1631,63
1,1632,466
1,1633,436
1,1634,444
1,1635,132
1,1636,317
1,1637,100
1,1638,433
1,1639,265
1,1640,177
1,1641,322
1,1642,53
1,1643,372
1,1644,61
1,1645,209
1,1646,317
1,1647,198
1,1648,254
1,1649,28
1,1650,169
1,1651,83
1,1652,318
1,1653,59
1,1654,264
1,1655,65
1,1656,353
1,1657,79
1,1658,144
1,1659,199
1,1660,261
1,1661,107
1,1662,181
1,1663,326
1,1664,68
1,1665,390
1,1666,386
1,1667,87
1,1668,216
1,1669,316
1,1670,56
1,1671,466
1,1672,48
1,1673,486
1,1674,461
1,1675,53
1,1676,397
1,1677,426
1,1678,62
1,1679,388
1,1680,70
1,1681,177
1,1682,468
1,1683,61
1,1684,104
1,1685,389
1,1686,56
1,1687,386
1,1688,134
1,1689,163
1,1690,404
1,1691,333
1,1692,64
1,1693,500
1,1694,455
1,1695,55
1,1696,404
1,1697,431
1,1698,445
1,1699,357
1,1700,320
1,1701,280
1,1702,502
1,1703,54
1,1704,460
1,1705,56
1,1706,110
1,1707,386
1,1708,64
1,1709,212
1,1710,309
1,1711,214
1,1712,336
1,1713,119
1,1714,192
1,1715,310
1,1716,196
1,1717,203
1,1718,422
1,1719,61
1,1720,189
1,1721,432
1,1722,509
1,1723,382
1,1724,51
1,1725,300
1,1726,46
1,1727,425
1,1728,270
1,1729,504
1,1730,163
1,1731,457
1,1732,49
1,1733,228
1,1734,331
1,1735,26
1,1736,433
1,1737,56
1,1738,268
1,1739,467
1,1740,509
1,1741,258
1,1742,104
1,1743,517
1,1744,254
1,1745,46
1,1746,513
1,1747,484
1,1748,57
1,1749,423
1,1750,47
1,1751,542
1,1752,48
1,1753,500
1,1754,143
1,1755,297
1,1756,404
1,1757,181
1,1758,298
1,1759,68
1,1760,520
1,1761,58
1,1762,293
1,1763,157
1,1764,156
1,1765,522
1,1766,66
1,1767,416
1,1768,468
1,1769,26
1,1770,490
1,1771,59
1,1772,164
1,1773,466
1,1774,56
1,1775,119
1,1776,355
1,1777,394
1,1778,54
1,1779,360
1,1780,368
1,1781,482
1,1782,371
1,1783,54
1,1784,296
1,1785,52
1,1786,161
1,1787,309
1,1788,323
1,1789,47
1,1790,375
1,1791,123
1,1792,137
1,1793,221
1,1794,310
1,1795,61
1,1796,341
1,1797,361
1,1798,55
1,1799,256
1,1800,240
1,1801,360
1,1802,57
1,1803,338
1,1804,401
1,1805,62
1,1806,172
1,1807,427
1,1808,558
1,1809,107
1,1810,169
1,1811,280
1,1812,292
1,1813,78
1,1814,225
1,1815,354
1,1816,64
1,1817,111
1,1818,301
1,1819,498
1,1820,218
1,1821,441
1,1822,119
1,1823,369
1,1824,445
1,1825,116
1,1826,589
1,1827,63
1,1828,293
1,1829,433
1,1830,161
1,1831,425
1,1832,77
1,1833,442
1,1834,344
1,1835,56
1,1836,290
1,1837,314
1,1838,62
1,1839,423
1,1840,60
1,1841,403
1,1842,223
1,1843,490
1,1844,562
1,1845,64
1,1846,383
1,1847,243
1,1848,412
1,1849,255
1,1850,184
1,1851,429
1,1852,57
1,1853,402
1,1854,52
1,1855,436
1,1856,388
1,1857,56
1,1858,391
1,1859,67
1,1860,372
1,1861,47
1,1862,403
1,1863,292
1,1864,53
1,1865,407
1,1866,271
1,1867,332
1,1868,51
1,1869,377
1,1870,57
1,1871,302
1,1872,58
1,1873,288
1,1874,518
1,1875,55
1,1876,365
1,1877,317
1,1878,403
1,1879,43
1,1880,428
1,1881,386
1,1882,81
1,1883,251
1,1884,510
1,1885,446
1,1886,13
1,1887,289
1,1888,292
1,1889,353
1,1890,56
1,1891,316
1,1892,497
1,1893,58
1,1894,589
1,1895,380
1,1896,206
1,1897,437
1,1898,60
1,1899,385
1,1900,136
1,1901,164
1,1902,315
1,1903,238
1,1904,368
1,1905,535
1,1906,481
1,1907,651
1,1908,85
1,1909,602
1,1910,77
1,1911,284
1,1912,84
1,1913,196
1,1914,363
1,1915,238
1,1916,123
1,1917,470
1,1918,103
1,1919,329
1,1920,527
1,1921,529
1,1922,228
1,1923,150
1,1924,523
1,1925,366
1,1926,439
1,1927,68
1,1928,479
1,1929,447
1,1930,254
1,1931,152
1,1932,313
1,1933,306
1,1934,294
1,1935,204
1,1936,469
1,1937,392
1,1938,68
1,1939,286
1,1940,252
1,1941,373
1,1942,437
1,1943,279
1,1944,93
1,1945,438
1,1946,74
1,1947,176
1,1948,318
1,1949,148
1,1950,367
1,1951,475
1,1952,27
1,1953,225
1,1954,242
1,1955,97
1,1956,287
1,1957,112
1,1958,304
1,1959,75
1,1960,433
1,1961,148
1,1962,114
1,1963,338
1,1964,379
1,1965,71
1,1966,112
1,1967,400
1,1968,241
1,1969,410
1,1970,351
1,1971,283
1,1972,512
1,1973,279
1,1974,47
1,1975,312
1,1976,286
1,1977,480
1,1978,126
1,1979,453
1,1980,294
1,1981,99
1,1982,256
1,1983,136
1,1984,177
1,1985,427
1,1986,469
1,1987,325
1,1988,75
1,1989,275
1,1990,105
1,1991,509
1,1992,71
1,1993,361
1,1994,289
1,1995,352
1,1996,153
1,1997,370
1,1998,416
1,1999,78
1,2000,109
1,2001,467
1,2002,78
1,2003,205
1,2004,452
1,2005,63
1,2006,421
1,2007,61
1,2008,502
1,2009,350
1,2010,305
1,2011,141
1,2012,400
1,2013,19
1,2014,367
1,2015,145
1,2016,271
1,2017,252
1,2018,168
1,2019,554
1,2020,63
1,2021,291
1,2022,347
1,2023,130
1,2024,471
1,2025,81
1,2026,365
1,2027,413
1,2028,61
1,2029,217
1,2030,333
1,2031,171
1,2032,150
1,2033,282
1,2034,289
1,2035,82
1,2036,218
1,2037,106
1,2038,320
1,2039,390
1,2040,144
1,2041,458
1,2042,156
1,2043,476
1,2044,423
1,2045,359
1,2046,381
1,2047,77
1,2048,227
1,2049,308
1,2050,341
1,2051,106
1,2052,368
1,2053,142
1,2054,506
1,2055,497
1,2056,159
1,2057,145
1,2058,178
1,2059,492
1,2060,459
1,2061,61
1,2062,438
1,2063,101
1,2064,472
1,2065,411
1,2066,65
1,2067,434
1,2068,106
1,2069,423
1,2070,71
1,2071,253
1,2072,95
1,2073,554
1,2074,81
1,2075,296
1,2076,248
1,2077,180
1,2078,197
1,2079,454
1,2080,60
1,2081,435
1,2082,225
1,2083,443
1,2084,262
1,2085,192
1,2086,236
1,2087,158
1,2088,404
1,2089,531
1,2090,64
1,2091,407
1,2092,63
1,2093,181
1,2094,396
1,2095,151
1,2096,192
1,2097,170
1,2098,244
1,2099,317
1,2100,43
1,2101,456
1,2102,83
1,2103,512
1,2104,65
1,2105,252
1,2106,124
1,2107,187
1,2108,228
1,2109,158
1,2110,168
1,2111,416
1,2112,39
1,2113,416
1,2114,441
1,2115,166
1,2116,154
1,2117,280
1,2118,268
1,2119,71
1,2120,295
1,2121,47
1,2122,288
1,2123,67
1,2124,244
1,2125,487
1,2126,365
1,2127,66
1,2128,216
1,2129,170
1,2130,366
1,2131,52
1,2132,393
1,2133,64
1,2134,272
1,2135,60
1,2136,283
1,2137,129
1,2138,303
1,2139,270
1,2140,62
1,2141,267
1,2142,268
1,2143,329
1,2144,571
1,2145,132
1,2146,301
1,2147,72
1,2148,328
1,2149,124
1,2150,339
1,2151,57
1,2152,337
1,2153,73
1,2154,172
1,2155,356
1,2156,94
1,2157,212
1,2158,188
1,2159,358
1,2160,87
1,2161,239
1,2162,153
1,2163,448
1,2164,169
1,2165,159
1,2166,465
1,2167,134
1,2168,174
1,2169,438
1,2170,366
1,2171,139
1,2172,284
1,2173,125
1,2174,377
1,2175,123
1,2176,245
1,2177,505
1,2178,78
1,2179,179
1,2180,428
1,2181,424
1,2182,124
1,2183,367
1,2184,71
1,2185,311
1,2186,106
1,2187,444
1,2188,645
1,2189,62
1,2190,407
1,2191,68
1,2192,281
1,2193,452
1,2194,423
1,2195,69
1,2196,310
1,2197,197
1,2198,157
1,2199,358
1,2200,64
1,2201,459
1,2202,54
1,2203,440
1,2204,141
1,2205,149
1,2206,347
1,2207,481
1,2208,367
1,2209,73
1,2210,188
1,2211,421
1,2212,286
1,2213,115
1,2214,403
1,2215,164
1,2216,151
1,2217,627
1,2218,144
1,2219,151
1,2220,421
1,2221,242
1,2222,450
1,2223,62
1,2224,415
1,2225,201
1,2226,373
1,2227,69
1,2228,270
1,2229,384
1,2230,313
1,2231,315
1,2232,314
1,2233,50
1,2234,213
1,2235,144
1,2236,298
1,2237,137
1,2238,382
1,2239,50
1,2240,242
1,2241,124
1,2242,402
1,2243,51
1,2244,387
1,2245,240
1,2246,105
1,2247,459
1,2248,229
1,2249,283
1,2250,426
1,2251,38
1,2252,445
1,2253,317
1,2254,265
1,2255,591
1,2256,179
1,2257,379
1,2258,62
1,2259,433
1,2260,226
1,2261,237
1,2262,134
1,2263,425
1,2264,280
1,2265,303
1,2266,227
1,2267,104
1,2268,399
1,2269,275
1,2270,59
1,2271,433
1,2272,255
1,2273,315
1,2274,239
1,2275,356
1,2276,611
1,2277,204
1,2278,106
1,2279,448
1,2280,58
1,2281,345
1,2282,60
1,2283,520
1,2284,60
1,2285,184
1,2286,427
1,2287,433
1,2288,56
1,2289,271
1,2290,120
1,2291,358
1,2292,132
1,2293,195
1,2294,251
1,2295,289
1,2296,328
1,2297,99
1,2298,195
1,2299,176
1,2300,422
1,2301,53
1,2302,349
1,2303,60
1,2304,431
1,2305,70
1,2306,404
1,2307,247
1,2308,410
1,2309,141
1,2310,130
1,2311,504
1,2312,134
1,2313,395
1,2314,255
1,2315,296
1,2316,315
1,2317,55
1,2318,379
1,2319,260
1,2320,381
1,2321,316
1,2322,360
1,2323,542
1,2324,494
1,2325,76
1,2326,370
1,2327,47
1,2328,527
1,2329,69
1,2330,464
1,2331,267
1,2332,481
1,2333,77
1,2334,308
1,2335,523
1,2336,101
1,2337,670
1,2338,605
1,2339,527
1,2340,26
1,2341,477
1,2342,534
1,2343,755
1,2344,68
1,2345,459
1,2346,408
1,2347,279
1,2348,107
1,2349,492
1,2350,438
1,2351,428
1,2352,78
1,2353,655
1,2354,82
1,2355,301
1,2356,499
1,2357,338
1,2358,500
1,2359,72
1,2360,507
1,2361,529
1,2362,85
1,2363,380
1,2364,491
1,2365,447
1,2366,613
1,2367,428
1,2368,66
1,2369,444
1,2370,288
1,2371,237
1,2372,289
1,2373,432
1,2374,27
1,2375,455
1,2376,326
1,2377,61
1,2378,332
1,2379,403
1,2380,114
1,2381,651
1,2382,565
1,2383,354
1,2384,58
1,2385,293
1,2386,163
1,2387,266
1,2388,61
1,2389,560
1,2390,138
1,2391,160
1,2392,151
1,2393,534
1,2394,76
1,2395,119
1,2396,299
1,2397,469
1,2398,633
1,2399,547
1,2400,48
1,2401,538
1,2402,66
1,2403,300
1,2404,187
1,2405,494
1,2406,51
1,2407,539
1,2408,61
1,2409,492
1,2410,271
1,2411,483
1,2412,67
1,2413,375
1,2414,186
1,2415,510
1,2416,53
1,2417,507
1,2418,235
1,2419,443
1,2420,541
1,2421,502
1,2422,82
1,2423,302
1,2424,515
1,2425,22
1,2426,568
1,2427,436
1,2428,527
1,2429,435
1,2430,61
1,2431,468
1,2432,379
1,2433,259
1,2434,467
1,2435,75
1,2436,286
1,2437,477
1,2438,74
1,2439,249
1,2440,447
1,2441,506
1,2442,504
1,2443,388
1,2444,384
1,2445,119
1,2446,335
1,2447,322
1,2448,59
1,2449,362
1,2450,63
1,2451,389
1,2452,245
1,2453,455
1,2454,74
1,2455,281
1,2456,510
1,2457,836
1,2458,407
1,2459,557
1,2460,106
1,2461,447
1,2462,94
1,2463,360
1,2464,617
1,2465,215
1,2466,132
1,2467,471
1,2468,399
1,2469,321
1,2470,78
1,2471,456
1,2472,613
1,2473,199
1,2474,278
1,2475,295
1,2476,94
1,2477,584
1,2478,551
1,2479,74
1,2480,464
1,2481,357
1,2482,489
1,2483,89
1,2484,299
1,2485,631
1,2486,600
1,2487,487
1,2488,123
1,2489,496
1,2490,443
1,2491,63
1,2492,431
1,2493,297
1,2494,64
1,2495,481
1,2496,226
1,2497,438
1,2498,143
1,2499,275
1,2500,297
1,2501,66
1,2502,487
1,2503,348
1,2504,461
1,2505,541
1,2506,26
1,2507,480
1,2508,69
1,2509,99
1,2510,587
1,2511,341
1,2512,97
1,2513,374
1,2514,316
1,2515,443
1,2516,70
1,2517,104
1,2518,364
1,2519,440
1,2520,386
1,2521,59
1,2522,348
1,2523,46
1,2524,384
1,2525,492
1,2526,390
1,2527,156
1,2528,377
1,2529,126
1,2530,150
1,2531,374
1,2532,46
1,2533,427
1,2534,441
1,2535,461
1,2536,103
1,2537,451
1,2538,356
1,2539,535
1,2540,387
1,2541,113
1,2542,324
1,2543,195
1,2544,427
1,2545,57
1,2546,311
1,2547,375
1,2548,246
1,2549,461
1,2550,386
1,2551,60
1,2552,415
1,2553,412
1,2554,57
1,2555,452
1,2556,512
1,2557,177
1,2558,354
1,2559,207
1,2560,257
1,2561,421
1,2562,177
1,2563,428
1,2564,97
1,2565,460
1,2566,35
1,2567,482
1,2568,363
1,2569,94
1,2570,425
1,2571,66
1,2572,446
1,2573,77
1,2574,343
1,2575,404
1,2576,202
1,2577,132
1,2578,443
1,2579,390
1,2580,310
1,2581,532
1,2582,420
1,2583,65
1,2584,469
1,2585,378
1,2586,273
1,2587,268
1,2588,102
1,2589,420
1,2590,470
1,2591,694
1,2592,18
1,2593,541
1,2594,459
1,2595,75
1,2596,260
1,2597,464
1,2598,56
1,2599,455
1,2600,63
1,2601,334
1,2602,90
1,2603,450
1,2604,410
1,2605,129
1,2606,209
1,2607,192
1,2608,380
1,2609,359
1,2610,429
1,2611,198
1,2612,378
1,2613,58
1,2614,398
1,2615,438
1,2616,53
1,2617,419
1,2618,248
1,2619,436
1,2620,53
1,2621,433
1,2622,463
1,2623,79
1,2624,139
1,2625,416
1,2626,69
1,2627,263
1,2628,439
1,2629,291
1,2630,666
1,2631,370
1,2632,253
1,2633,336
1,2634,524
1,2635,61
1,2636,76
1,2637,407
1,2638,481
1,2639,55
1,2640,346
1,2641,45
1,2642,522
1,2643,467
1,2644,56
1,2645,272
1,2646,112
1,2647,425
1,2648,436
1,2649,51
1,2650,456
1,2651,256
1,2652,568
1,2653,55
1,2654,443
1,2655,486
1,2656,469
1,2657,187
1,2658,136
1,2659,411
1,2660,388
1,2661,52
1,2662,307
1,2663,289
1,2664,375
1,2665,49
1,2666,242
1,2667,399
1,2668,391
1,2669,105
1,2670,415
1,2671,47
1,2672,237
1,2673,379
1,2674,49
1,2675,366
1,2676,65
1,2677,456
1,2678,126
1,2679,389
1,2680,222
1,2681,198
1,2682,403
1,2683,17
1,2684,255
1,2685,83
1,2686,388
1,2687,66
1,2688,347
1,2689,69
1,2690,444
1,2691,110
1,2692,153
1,2693,223
1,2694,324
1,2695,146
1,2696,169
1,2697,469
1,2698,52
1,2699,477
1,2700,432
1,2701,62
1,2702,396
1,2703,70
1,2704,174
1,2705,458
1,2706,60
1,2707,104
1,2708,393
1,2709,57
1,2710,392
1,2711,131
1,2712,161
1,2713,404
1,2714,441
1,2715,360
1,2716,321
1,2717,283
1,2718,469
1,2719,52
1,2720,444
1,2721,327
1,2722,63
1,2723,466
1,2724,436
1,2725,444
1,2726,132
1,2727,317
1,2728,100
1,2729,433
1,2730,265
1,2731,177
1,2732,322
1,2733,53
1,2734,372
1,2735,61
1,2736,209
1,2737,317
1,2738,198
1,2739,254
1,2740,28
1,2741,169
1,2742,83
1,2743,318
1,2744,59
1,2745,264
1,2746,65
1,2747,353
1,2748,79
1,2749,144
1,2750,199
1,2751,261
1,2752,107
1,2753,181
1,2754,326
1,2755,68
1,2756,390
1,2757,386
1,2758,87
1,2759,216
1,2760,316
1,2761,56
1,2762,466
1,2763,48
1,2764,486
1,2765,461
1,2766,53
1,2767,397
1,2768,426
1,2769,62
1,2770,388
1,2771,70
1,2772,177
1,2773,468
1,2774,61
1,2775,104
1,2776,389
1,2777,56
1,2778,386
1,2779,134
1,2780,163
1,2781,404
1,2782,333
1,2783,64
1,2784,500
1,2785,455
1,2786,55
1,2787,404
1,2788,431
1,2789,445
1,2790,357
1,2791,320
1,2792,280
1,2793,502
1,2794,54
1,2795,460
1,2796,56
1,2797,110
1,2798,386
1,2799,64
1,2800,212
1,2801,309
1,2802,214
1,2803,336
1,2804,119
1,2805,192
1,2806,310
1,2807,196
1,2808,203
1,2809,422
1,2810,61
1,2811,189
1,2812,432
1,2813,509
1,2814,382
1,2815,51
1,2816,300
1,2817,46
1,2818,425
1,2819,270
1,2820,504
1,2821,163
1,2822,457
1,2823,49
1,2824,228
1,2825,331
1,2826,26
1,2827,433
1,2828,56
1,2829,268
1,2830,467
1,2831,509
1,2832,258
1,2833,104
1,2834,517
1,2835,254
1,2836,46
1,2837,513
1,2838,484
1,2839,57
1,2840,423
1,2841,47
1,2842,542
1,2843,48
1,2844,500
1,2845,143
1,2846,297
1,2847,404
1,2848,181
1,2849,298
1,2850,68
1,2851,520
1,2852,58
1,2853,293
1,2854,157
1,2855,156
1,2856,522
1,2857,66
1,2858,416
1,2859,468
1,2860,26
1,2861,490
1,2862,59
1,2863,164
1,2864,466
1,2865,56
1,2866,119
1,2867,355
1,2868,394
1,2869,54
1,2870,360
1,2871,368
1,2872,482
1,2873,371
1,2874,54
1,2875,296
1,2876,52
1,2877,161
1,2878,309
1,2879,323
1,2880,47
1,2881,375
1,2882,123
1,2883,137
1,2884,221
1,2885,310
1,2886,61
1,2887,341
1,2888,361
1,2889,55
1,2890,256
1,2891,240
1,2892,360
1,2893,57
1,2894,338
1,2895,401
1,2896,62
1,2897,172
1,2898,427
1,2899,558
1,2900,107
1,2901,169
1,2902,280
1,2903,292
1,2904,78
1,2905,225
1,2906,354
1,2907,64
1,2908,111
1,2909,301
1,2910,498
1,2911,218
1,2912,441
1,2913,119
1,2914,369
1,2915,445
1,2916,116
1,2917,589
1,2918,63
1,2919,293
1,2920,433
1,2921,161
1,2922,425
1,2923,77
1,2924,442
1,2925,344
1,2926,56
1,2927,290
1,2928,314
1,2929,62
1,2930,423
1,2931,60
1,2932,403
1,2933,223
1,2934,490
1,2935,562
1,2936,64
1,2937,383
1,2938,243
1,2939,412
1,2940,255
1,2941,184
1,2942,429
1,2943,57
1,2944,402
1,2945,52
1,2946,436
1,2947,388
1,2948,56
1,2949,391
1,2950,67
1,2951,372
1,2952,47
1,2953,403
1,2954,292
1,2955,53
1,2956,407
1,2957,271
1,2958,332
1,2959,51
1,2960,377
1,2961,57
1,2962,302
1,2963,58
1,2964,288
1,2965,518
1,2966,55
1,2967,365
1,2968,317
1,2969,403
1,2970,43
1,2971,428
1,2972,386
1,2973,81
1,2974,251
1,2975,510
1,2976,332
1,2977,52
1,2978,274
1,2979,46
1,2980,371
1,2981,44
1,2982,309
1,2983,254
1,2984,229
1,2985,330
1,2986,229
1,2987,38
1,2988,200
1,2989,309
1,2990,78
1,2991,317
1,2992,194
1,2993,221
1,2994,375
1,2995,536
1,2996,68
1,2997,283
1,2998,449
1,2999,269
1,3000,352
1,3001,75
1,3002,216
1,3003,225
1,3004,120
1,3005,100
1,3006,403
1,3007,70
1,3008,337
1,3009,471
1,3010,30
1,3011,351
1,3012,76
1,3013,367
1,3014,93
1,3015,351
1,3016,72
1,3017,403
1,3018,171
1,3019,270
1,3020,501
1,3021,74
1,3022,122
1,3023,385
1,3024,89
1,3025,223
1,3026,170
1,3027,350
1,3028,307
1,3029,76
1,3030,313
1,3031,115
1,3032,284
1,3033,355
1,3034,91
1,3035,433
1,3036,66
1,3037,284
1,3038,112
1,3039,350
1,3040,296
1,3041,342
1,3042,69
1,3043,205
1,3044,221
1,3045,396
1,3046,59
1,3047,388
1,3048,58
1,3049,367
1,3050,368
1,3051,310
1,3052,131
1,3053,171
1,3054,97
1,3055,390
1,3056,40
1,3057,421
1,3058,226
1,3059,350
1,3060,66
1,3061,299
1,3062,120
1,3063,254
1,3064,400
1,3065,379
1,3066,366
1,3067,66
1,3068,163
1,3069,441
1,3070,361
1,3071,308
1,3072,287
1,3073,328
1,3074,270
1,3075,47
1,3076,296
1,3077,41
1,3078,341
1,3079,182
1,3080,318
1,3081,99
1,3082,161
1,3083,252
1,3084,50
1,3085,245
1,3086,396
1,3087,49
1,3088,386
1,3089,51
1,3090,190
1,3091,400
1,3092,427
1,3093,399
1,3094,192
1,3095,125
1,3096,191
1,3097,132
1,3098,235
1,3099,282
1,3100,370
1,3101,153
1,3102,454
1,3103,50
1,3104,204
1,3105,245
1,3106,345
1,3107,52
1,3108,319
1,3109,87
1,3110,218
1,3111,117
1,3112,296
1,3113,366
1,3114,388
1,3115,407
1,3116,376
1,3117,119
1,3118,195
1,3119,346
1,3120,411
1,3121,405
1,3122,44
1,3123,396
1,3124,26
1,3125,370
1,3126,226
1,3127,45
1,3128,251
1,3129,374
1,3130,196
1,3131,383
1,3132,396
1,3133,378
1,3134,416
1,3135,94
1,3136,177
1,3137,493
1,3138,141
1,3139,184
1,3140,144
1,3141,119
1,3142,298
1,3143,46
1,3144,275
1,3145,224
1,3146,213
1,3147,291
1,3148,341
1,3149,44
1,3150,238
1,3151,91
1,3152,299
1,3153,50
1,3154,322
1,3155,78
1,3156,355
1,3157,307
1,3158,115
1,3159,420
1,3160,354
1,3161,389
1,3162,409
1,3163,380
1,3164,53
1,3165,307
1,3166,52
1,3167,342
1,3168,371
1,3169,49
1,3170,235
1,3171,307
1,3172,100
1,3173,240
1,3174,120
1,3175,645
1,3176,53
1,3177,381
1,3178,93
1,3179,309
1,3180,56
1,3181,233
1,3182,434
1,3183,374
1,3184,51
1,3185,97
1,3186,355
1,3187,55
1,3188,527
1,3189,73
1,3190,182
1,3191,408
1,3192,41
1,3193,388
1,3194,46
1,3195,361
1,3196,147
1,3197,252
1,3198,268
1,3199,256
1,3200,102
1,3201,259
1,3202,387
1,3203,50
1,3204,292
1,3205,207
1,3206,311
1,3207,147
1,3208,132
1,3209,369
1,3210,236
1,3211,52
1,3212,245
1,3213,205
1,3214,357
1,3215,81
1,3216,108
1,3217,367
1,3218,140
1,3219,243
1,3220,256
1,3221,263
1,3222,195
1,3223,359
1,3224,92
1,3225,221
1,3226,135
1,3227,268
1,3228,116
1,3229,303
1,3230,55
1,3231,148
1,3232,318
1,3233,260
1,3234,342
1,3235,362
1,3236,138
1,3237,373
1,3238,47
1,3239,329
1,3240,110
1,3241,240
1,3242,323
1,3243,290
1,3244,175
1,3245,314
1,3246,377
1,3247,195
1,3248,329
1,3249,338
1,3250,298
1,3251,216
1,3252,53
1,3253,348
1,3254,44
1,3255,307
1,3256,349
1,3257,331
1,3258,48
1,3259,416
1,3260,362
1,3261,303
1,3262,321
1,3263,407
1,3264,92
1,3265,129
1,3266,149
1,3267,352
1,3268,300
1,3269,379
1,3270,270
1,3271,388
1,3272,269
1,3273,115
1,3274,433
1,3275,47
1,3276,351
1,3277,380
1,3278,409
1,3279,404
1,3280,412
1,3281,47
1,3282,302
1,3283,657
1,3284,91
1,3285,326
1,3286,487
1,3287,452
1,3288,407
1,3289,411
1,3290,76
1,3291,403
1,3292,343
1,3293,367
1,3294,64
1,3295,300
1,3296,285
1,3297,386
1,3298,351
1,3299,36
1,3300,417
1,3301,34
1,3302,407
1,3303,475
1,3304,393
1,3305,42
1,3306,104
1,3307,358
1,3308,49
1,3309,383
1,3310,184
1,3311,264
1,3312,104
1,3313,292
1,3314,195
1,3315,204
1,3316,90
1,3317,179
1,3318,316
1,3319,98
1,3320,219
1,3321,290
1,3322,148
1,3323,106
1,3324,440
1,3325,444
1,3326,270
1,3327,179
1,3328,177
1,3329,163
1,3330,246
1,3331,326
1,3332,55
1,3333,349
1,3334,50
1,3335,272
1,3336,75
1,3337,158
1,3338,252
1,3339,374
1,3340,204
1,3341,399
1,3342,207
1,3343,103
1,3344,344
1,3345,373
1,3346,167
1,3347,236
1,3348,263
1,3349,404
1,3350,283
1,3351,276
1,3352,75
1,3353,502
1,3354,34
1,3355,264
1,3356,53
1,3357,296
1,3358,202
1,3359,396
1,3360,52
1,3361,265
1,3362,699
1,3363,524
1,3364,363
1,3365,445
1,3366,24
1,3367,510
1,3368,488
1,3369,478
1,3370,339
1,3371,272
1,3372,47
1,3373,127
1,3374,602
1,3375,286
1,3376,349
1,3377,462
1,3378,332
1,3379,412
1,3380,443
1,3381,76
1,3382,484
1,3383,257
1,3384,515
1,3385,440
1,3386,286
1,3387,417
1,3388,54
1,3389,466
1,3390,423
1,3391,449
1,3392,449
1,3393,245
1,3394,337
1,3395,431
1,3396,35
1,3397,269
1,3398,352
1,3399,489
1,3400,544
1,3401,373
1,3402,448
1,3403,367
1,3404,60
1,3405,131
1,3406,482
1,3407,96
1,3408,454
1,3409,430
1,3410,51
1,3411,495
1,3412,58
1,3413,247
1,3414,201
1,3415,397
1,3416,398
1,3417,210
1,3418,388
1,3419,44
1,3420,265
1,3421,266
1,3422,44
1,3423,124
1,3424,693
1,3425,322
1,3426,45
1,3427,380
1,3428,305
1,3429,426
1,3430,49
1,3431,379
1,3432,61
1,3433,448
1,3434,186
1,3435,428
1,3436,409
1,3437,407
1,3438,373
1,3439,441
1,3440,402
1,3441,471
1,3442,481
1,3443,580
1,3444,68
1,3445,387
1,3446,67
1,3447,450
1,3448,477
1,3449,97
1,3450,360
1,3451,80
1,3452,326
1,3453,179
1,3454,265
1,3455,119
1,3456,489
1,3457,60
1,3458,454
1,3459,65
1,3460,149
1,3461,443
1,3462,221
1,3463,504
1,3464,207
1,3465,103
1,3466,228
1,3467,263
1,3468,365
1,3469,42
1,3470,359
1,3471,43
1,3472,114
1,3473,446
1,3474,86
1,3475,462
1,3476,437
1,3477,45
1,3478,393
1,3479,354
1,3480,44
1,3481,307
1,3482,105
1,3483,440
1,3484,475
1,3485,470
1,3486,464
1,3487,229
1,3488,361
1,3489,402
1,3490,361
1,3491,439
1,3492,361
1,3493,211
1,3494,78
1,3495,263
1,3496,276
1,3497,441
1,3498,57
1,3499,281
1,3500,421
1,3501,53
1,3502,446
1,3503,99
1,3504,395
1,3505,361
1,3506,170
1,3507,141
1,3508,368
1,3509,72
1,3510,377
1,3511,276
1,3512,277
1,3513,251
1,3514,46
1,3515,229
1,3516,361
1,3517,258
1,3518,223
1,3519,91
1,3520,222
1,3521,291
1,3522,387
1,3523,358
1,3524,31
1,3525,276
1,3526,320
1,3527,42
1,3528,309
1,3529,55
1,3530,151
1,3531,409
1,3532,65
1,3533,173
1,3534,135
1,3535,265
1,3536,187
1,3537,106
1,3538,285
1,3539,295
1,3540,66
1,3541,407
1,3542,33
1,3543,151
1,3544,391
1,3545,50
1,3546,386
1,3547,421
1,3548,152
1,3549,429
1,3550,44
1,3551,464
1,3552,298
1,3553,445
1,3554,236
1,3555,301
1,3556,396
1,3557,150
1,3558,372
1,3559,39
1,3560,626
1,3561,48
1,3562,135
1,3563,458
1,3564,438
1,3565,196
1,3566,307
1,3567,249
1,3568,443
1,3569,46
1,3570,322
1,3571,105
1,3572,372
1,3573,337
1,3574,137
1,3575,374
1,3576,357
1,3577,192
1,3578,377
1,3579,213
1,3580,497
1,3581,412
1,3582,479
1,3583,424
1,3584,349
1,3585,44
1,3586,410
1,3587,362
1,3588,387
1,3589,420
1,3590,41
1,3591,415
1,3592,406
1,3593,477
1,3594,427
1,3595,453
1,3596,222
1,3597,351
1,3598,373
1,3599,69
1,3600,453
1,3601,322
1,3602,172
1,3603,212
1,3604,59
1,3605,146
1,3606,273
1,3607,181
1,3608,277
1,3609,42
1,3610,69
1,3611,127
1,3612,144
1,3613,250
1,3614,237
1,3615,67
1,3616,252
1,3617,108
1,3618,385
1,3619,112
1,3620,306
1,3621,17
1,3622,281
1,3623,74
1,3624,359
1,3625,45
1,3626,281
1,3627,101
1,3628,406
1,3629,254
1,3630,321
1,3631,314
1,3632,77
1,3633,270
1,3634,115
1,3635,358
1,3636,470
1,3637,17
1,3638,311
1,3639,114
1,3640,139
1,3641,188
1,3642,135
1,3643,187
1,3644,101
1,3645,386
1,3646,48
1,3647,204
1,3648,257
1,3649,349
1,3650,44
1,3651,277
1,3652,106
1,3653,368
1,3654,71
1,3655,302
1,3656,114
1,3657,152
1,3658,384
1,3659,105
1,3660,345
1,3661,156
1,3662,120
1,3663,289
1,3664,377
1,3665,377
1,3666,438
1,3667,122
1,3668,153
1,3669,179
1,3670,383
1,3671,378
1,3672,316
1,3673,49
1,3674,315
1,3675,55
1,3676,366
1,3677,308
1,3678,138
1,3679,383
1,3680,47
1,3681,301
1,3682,881
1,3683,321
1,3684,35
1,3685,514
1,3686,230
1,3687,131
1,3688,443
1,3689,40
1,3690,301
1,3691,78
1,3692,176
1,3693,154
1,3694,453
1,3695,389
1,3696,34
1,3697,513
1,3698,277
1,3699,42
1,3700,207
1,3701,285
1,3702,30
1,3703,233
1,3704,323
1,3705,25
1,3706,269
1,3707,410
1,3708,416
1,3709,330
1,3710,328
1,3711,44
1,3712,260
1,3713,106
1,3714,401
1,3715,332
1,3716,391
1,3717,395
1,3718,419
1,3719,49
1,3720,335
1,3721,243
1,3722,65
1,3723,415
1,3724,379
1,3725,65
1,3726,319
1,3727,67
1,3728,318
1,3729,222
1,3730,149
1,3731,215
1,3732,123
1,3733,235
1,3734,120
1,3735,364
1,3736,50
1,3737,298
1,3738,372
1,3739,34
1,3740,351
1,3741,398
1,3742,47
1,3743,360
1,3744,328
1,3745,437
1,3746,48
1,3747,248
1,3748,298
1,3749,117
1,3750,168
1,3751,261
1,3752,390
1,3753,384
1,3754,42
1,3755,356
1,3756,67
1,3757,235
1,3758,379
1,3759,42
1,3760,386
1,3761,49
1,3762,224
1,3763,139
1,3764,406
1,3765,48
1,3766,174
1,3767,381
1,3768,422
1,3769,488
1,3770,315
1,3771,55
1,3772,379
1,3773,260
1,3774,381
1,3775,316
1,3776,360
1,3777,542
1,3778,494
1,3779,76
1,3780,370
1,3781,47
1,3782,527
1,3783,69
1,3784,464
1,3785,267
1,3786,481
1,3787,77
1,3788,308
1,3789,523
1,3790,101
1,3791,670
1,3792,605
1,3793,527
1,3794,26
1,3795,477
1,3796,534
1,3797,755
1,3798,68
1,3799,459
1,3800,408
1,3801,279
1,3802,107
1,3803,492
1,3804,438
1,3805,428
1,3806,78
1,3807,655
1,3808,82
1,3809,301
1,3810,499
1,3811,338
1,3812,500
1,3813,72
1,3814,507
1,3815,529
1,3816,85
1,3817,380
1,3818,491
1,3819,447
1,3820,613
1,3821,428
1,3822,66
1,3823,444
1,3824,288
1,3825,237
1,3826,289
1,3827,432
1,3828,27
1,3829,455
1,3830,326
1,3831,61
1,3832,332
1,3833,403
1,3834,114
1,3835,651
1,3836,565
1,3837,354
1,3838,58
1,3839,293
1,3840,163
1,3841,266
1,3842,61
1,3843,560
1,3844,138
1,3845,160
1,3846,151
1,3847,534
1,3848,76
1,3849,119
1,3850,299
1,3851,469
1,3852,633
1,3853,547
1,3854,48
1,3855,538
1,3856,66
1,3857,300
1,3858,187
1,3859,494
1,3860,51
1,3861,539
1,3862,61
1,3863,492
1,3864,271
1,3865,483
1,3866,67
1,3867,375
1,3868,186
1,3869,510
1,3870,53
1,3871,507
1,3872,235
1,3873,443
1,3874,541
1,3875,502
1,3876,82
1,3877,302
1,3878,515
1,3879,22
1,3880,568
1,3881,436
1,3882,527
1,3883,435
1,3884,61
1,3885,468
1,3886,379
1,3887,259
1,3888,467
1,3889,75
1,3890,286
1,3891,477
1,3892,74
1,3893,249
1,3894,447
1,3895,506
1,3896,504
1,3897,388
1,3898,384
1,3899,119
1,3900,335
1,3901,322
1,3902,59
1,3903,362
1,3904,63
1,3905,389
1,3906,245
1,3907,455
1,3908,74
1,3909,281
1,3910,510
1,3911,836
1,3912,407
1,3913,557
1,3914,106
1,3915,447
1,3916,94
1,3917,360
1,3918,617
1,3919,215
1,3920,132
1,3921,471
1,3922,399
1,3923,321
1,3924,78
1,3925,456
1,3926,613
1,3927,199
1,3928,278
1,3929,295
1,3930,94
1,3931,584
1,3932,551
1,3933,74
1,3934,464
1,3935,357
1,3936,489
1,3937,89
1,3938,299
1,3939,631
1,3940,600
1,3941,487
1,3942,123
1,3943,496
1,3944,443
1,3945,63
1,3946,431
1,3947,297
1,3948,64
1,3949,481
1,3950,226
1,3951,438
1,3952,143
1,3953,275
1,3954,297
1,3955,66
1,3956,487
1,3957,348
1,3958,461
1,3959,541
1,3960,26
1,3961,480
1,3962,69
1,3963,99
1,3964,587
1,3965,341
1,3966,97
1,3967,374
1,3968,316
1,3969,443
1,3970,70
1,3971,104
1,3972,364
1,3973,440
1,3974,386
1,3975,59
1,3976,348
1,3977,46
1,3978,384
1,3979,492
1,3980,390
1,3981,156
1,3982,377
1,3983,126
1,3984,150
1,3985,374
1,3986,46
1,3987,427
1,3988,441
1,3989,461
1,3990,103
1,3991,451
1,3992,356
1,3993,535
1,3994,387
1,3995,113
1,3996,324
1,3997,195
1,3998,427
1,3999,57
1,4000,311
1,4001,375
1,4002,246
1,4003,461
1,4004,386
1,4005,60
1,4006,415
1,4007,412
1,4008,57
1,4009,452
1,4010,512
1,4011,177
1,4012,354
1,4013,207
1,4014,257
1,4015,421
1,4016,177
1,4017,428
1,4018,97
1,4019,460
1,4020,35
1,4021,482
1,4022,363
1,4023,94
1,4024,425
1,4025,66
1,4026,446
1,4027,77
1,4028,343
1,4029,404
1,4030,202
1,4031,132
1,4032,443
1,4033,390
1,4034,310
1,4035,532
1,4036,420
1,4037,65
1,4038,469
1,4039,378
1,4040,273
1,4041,268
1,4042,102
1,4043,420
1,4044,470
1,4045,694
1,4046,18
1,4047,541
1,4048,459
1,4049,75
1,4050,260
1,4051,464
1,4052,56
1,4053,455
1,4054,63
1,4055,334
1,4056,90
1,4057,450
1,4058,410
1,4059,129
1,4060,209
1,4061,192
1,4062,380
1,4063,359
1,4064,429
1,4065,198
1,4066,378
1,4067,58
1,4068,398
1,4069,438
1,4070,53
1,4071,419
1,4072,248
1,4073,436
1,4074,53
1,4075,433
1,4076,463
1,4077,79
1,4078,139
1,4079,416
1,4080,69
1,4081,263
1,4082,439
1,4083,291
1,4084,666
1,4085,370
1,4086,253
1,4087,336
1,4088,524
1,4089,61
1,4090,76
1,4091,407
1,4092,481
1,4093,55
1,4094,346
1,4095,45
1,4096,522
1,4097,467
1,4098,56
1,4099,272
1,4100,112
1,4101,425
1,4102,436
1,4103,51
1,4104,456
1,4105,256
1,4106,568
1,4107,55
1,4108,443
1,4109,486
1,4110,469
1,4111,187
1,4112,136
1,4113,411
1,4114,388
1,4115,52
1,4116,307
1,4117,289
1,4118,375
1,4119,49
1,4120,242
1,4121,399
1,4122,391
1,4123,105
1,4124,415
1,4125,47
1,4126,237
1,4127,379
1,4128,49
1,4129,366
1,4130,65
1,4131,456
1,4132,126
1,4133,389
1,4134,222
1,4135,198
1,4136,403
1,4137,17
1,4138,255
1,4139,83
1,4140,388
1,4141,66
1,4142,347
1,4143,69
1,4144,444
1,4145,110
1,4146,153
1,4147,223
1,4148,324
1,4149,146
1,4150,169
1,4151,469
1,4152,52
1,4153,477
1,4154,432
1,4155,62
1,4156,396
1,4157,70
1,4158,174
1,4159,458
1,4160,60
1,4161,104
1,4162,393
1,4163,57
1,4164,392
1,4165,131
1,4166,161
1,4167,404
1,4168,441
1,4169,360
1,4170,321
1,4171,283
1,4172,469
1,4173,52
1,4174,444
1,4175,327
1,4176,63
1,4177,466
1,4178,436
1,4179,444
1,4180,132
1,4181,317
1,4182,100
1,4183,433
1,4184,265
1,4185,177
1,4186,322
1,4187,53
1,4188,372
1,4189,61
1,4190,209
1,4191,317
1,4192,198
1,4193,254
1,4194,28
1,4195,169
1,4196,83
1,4197,318
1,4198,59
1,4199,264
1,4200,65
1,4201,353
1,4202,79
1,4203,144
1,4204,199
1,4205,261
1,4206,107
1,4207,181
1,4208,326
1,4209,68
1,4210,390
1,4211,386
1,4212,87
1,4213,216
1,4214,316
1,4215,56
1,4216,466
1,4217,48
1,4218,486
1,4219,461
1,4220,53
1,4221,397
1,4222,426
1,4223,62
1,4224,388
1,4225,70
1,4226,177
1,4227,468
1,4228,61
1,4229,104
1,4230,389
1,4231,56
1,4232,386
1,4233,134
1,4234,163
1,4235,404
1,4236,333
1,4237,64
1,4238,500
1,4239,455
1,4240,55
1,4241,404
1,4242,431
1,4243,445
1,4244,357
1,4245,320
1,4246,280
1,4247,502
1,4248,54
1,4249,460
1,4250,56
1,4251,110
1,4252,386
1,4253,64
1,4254,212
1,4255,309
1,4256,214
1,4257,336
1,4258,119
1,4259,192
1,4260,310
1,4261,196
1,4262,203
1,4263,422
1,4264,61
1,4265,189
1,4266,432
1,4267,509
1,4268,382
1,4269,51
1,4270,300
1,4271,46
1,4272,425
1,4273,270
1,4274,504
1,4275,163
1,4276,457
1,4277,49
1,4278,228
1,4279,331
1,4280,26
1,4281,433
1,4282,56
1,4283,268
1,4284,467
1,4285,509
1,4286,258
1,4287,104
1,4288,517
1,4289,254
1,4290,46
1,4291,513
1,4292,484
1,4293,57
1,4294,423
1,4295,47
1,4296,542
1,4297,48
1,4298,500
1,4299,143
1,4300,297
1,4301,404
1,4302,181
1,4303,298
1,4304,68
1,4305,520
1,4306,58
1,4307,293
1,4308,157
1,4309,156
1,4310,522
1,4311,66
1,4312,416
1,4313,468
1,4314,26
1,4315,490
1,4316,59
1,4317,164
1,4318,466
1,4319,56
1,4320,119
1,4321,355
1,4322,394
1,4323,54
1,4324,360
1,4325,368
1,4326,482
1,4327,371
1,4328,54
1,4329,296
1,4330,52
1,4331,161
1,4332,309
1,4333,323
1,4334,47
1,4335,375
1,4336,123
1,4337,137
1,4338,221
1,4339,310
1,4340,61
1,4341,341
1,4342,361
1,4343,55
1,4344,256
1,4345,240
1,4346,360
1,4347,57
1,4348,338
1,4349,401
1,4350,62
1,4351,172
1,4352,427
1,4353,558
1,4354,107
1,4355,169
1,4356,280
1,4357,292
1,4358,78
1,4359,225
1,4360,354
1,4361,64
1,4362,111
1,4363,301
1,4364,498
1,4365,218
1,4366,441
1,4367,119
1,4368,369
1,4369,445
1,4370,116
1,4371,589
1,4372,63
1,4373,293
1,4374,433
1,4375,161
1,4376,425
1,4377,77
1,4378,442
1,4379,344
1,4380,56
1,4381,290
1,4382,314
1,4383,62
1,4384,423
1,4385,60
1,4386,403
1,4387,223
1,4388,490
1,4389,562
1,4390,64
1,4391,383
1,4392,243
1,4393,412
1,4394,255
1,4395,184
1,4396,429
1,4397,57
1,4398,402
1,4399,52
1,4400,436
1,4401,388
1,4402,56
1,4403,391
1,4404,67
1,4405,372
1,4406,47
1,4407,403
1,4408,292
1,4409,53
1,4410,407
1,4411,271
1,4412,332
1,4413,51
1,4414,377
1,4415,57
1,4416,302
1,4417,58
1,4418,288
1,4419,518
1,4420,55
1,4421,365
1,4422,317
1,4423,403
1,4424,43
1,4425,428
1,4426,386
1,4427,81
1,4428,251
1,4429,510
1,4430,332
1,4431,52
1,4432,274
1,4433,46
1,4434,371
1,4435,44
1,4436,309
1,4437,254
1,4438,229
1,4439,330
1,4440,229
1,4441,38
1,4442,200
1,4443,309
1,4444,78
1,4445,317
1,4446,194
1,4447,221
1,4448,375
1,4449,536
1,4450,68
1,4451,283
1,4452,449
1,4453,269
1,4454,352
1,4455,75
1,4456,216
1,4457,225
1,4458,120
1,4459,100
1,4460,403
1,4461,70
1,4462,337
1,4463,471
1,4464,30
1,4465,351
1,4466,76
1,4467,367
1,4468,93
1,4469,351
1,4470,72
1,4471,403
1,4472,171
1,4473,270
1,4474,501
1,4475,74
1,4476,122
1,4477,385
1,4478,89
1,4479,223
1,4480,170
1,4481,350
1,4482,307
1,4483,76
1,4484,313
1,4485,115
1,4486,284
1,4487,355
1,4488,91
1,4489,433
1,4490,66
1,4491,284
1,4492,112
1,4493,350
1,4494,296
1,4495,342
1,4496,69
1,4497,205
1,4498,221
1,4499,396
1,4500,59
1,4501,388
1,4502,58
1,4503,367
1,4504,368
1,4505,310
1,4506,131
1,4507,171
1,4508,97
1,4509,390
1,4510,40
1,4511,421
1,4512,226
1,4513,350
1,4514,66
1,4515,299
1,4516,120
1,4517,254
1,4518,400
1,4519,379
1,4520,366
1,4521,66
1,4522,163
1,4523,441
1,4524,361
1,4525,308
1,4526,287
1,4527,328
1,4528,270
1,4529,47
1,4530,296
1,4531,41
1,4532,341
1,4533,182
1,4534,318
1,4535,99
1,4536,161
1,4537,252
1,4538,50
1,4539,245
1,4540,396
1,4541,49
1,4542,386
1,4543,51
1,4544,190
1,4545,400
1,4546,427
1,4547,399
1,4548,192
1,4549,125
1,4550,191
1,4551,132
1,4552,235
1,4553,282
1,4554,370
1,4555,153
1,4556,454
1,4557,50
1,4558,204
1,4559,245
1,4560,345
1,4561,52
1,4562,319
1,4563,87
1,4564,218
1,4565,117
1,4566,296
1,4567,366
1,4568,388
1,4569,407
1,4570,376
1,4571,119
1,4572,195
1,4573,346
1,4574,411
1,4575,405
1,4576,44
1,4577,396
1,4578,26
1,4579,370
1,4580,226
1,4581,45
1,4582,251
1,4583,374
1,4584,196
1,4585,383
1,4586,396
1,4587,378
1,4588,416
1,4589,94
1,4590,177
1,4591,493
1,4592,141
1,4593,184
1,4594,144
1,4595,119
1,4596,298
1,4597,46
1,4598,275
1,4599,224
1,4600,213
1,4601,291
1,4602,341
1,4603,44
1,4604,238
1,4605,91
1,4606,299
1,4607,50
1,4608,322
1,4609,78
1,4610,355
1,4611,307
1,4612,115
1,4613,420
1,4614,354
1,4615,389
1,4616,409
1,4617,380
1,4618,53
1,4619,307
1,4620,52
1,4621,342
1,4622,371
1,4623,49
1,4624,235
1,4625,307
1,4626,100
1,4627,240
1,4628,120
1,4629,645
1,4630,53
1,4631,381
1,4632,93
1,4633,309
1,4634,56
1,4635,233
1,4636,434
1,4637,374
1,4638,51
1,4639,97
1,4640,355
1,4641,55
1,4642,527
1,4643,73
1,4644,182
1,4645,408
1,4646,41
1,4647,388
1,4648,46
1,4649,361
1,4650,147
1,4651,252
1,4652,268
1,4653,256
1,4654,102
1,4655,259
1,4656,387
1,4657,50
1,4658,292
1,4659,207
1,4660,311
1,4661,147
1,4662,132
1,4663,369
1,4664,236
1,4665,52
1,4666,245
1,4667,205
1,4668,357
1,4669,81
1,4670,108
1,4671,367
1,4672,140
1,4673,243
1,4674,256
1,4675,263
1,4676,195
1,4677,359
1,4678,92
1,4679,221
1,4680,135
1,4681,268
1,4682,116
1,4683,303
1,4684,55
1,4685,148
1,4686,318
1,4687,260
1,4688,342
1,4689,362
1,4690,138
1,4691,373
1,4692,47
1,4693,329
1,4694,110
1,4695,240
1,4696,323
1,4697,290
1,4698,175
1,4699,314
1,4700,377
1,4701,195
1,4702,329
1,4703,338
1,4704,298
1,4705,216
1,4706,53
1,4707,348
1,4708,44
1,4709,307
1,4710,349
1,4711,331
1,4712,48
1,4713,416
1,4714,362
1,4715,303
1,4716,321
1,4717,407
1,4718,92
1,4719,129
1,4720,149
1,4721,352
1,4722,300
1,4723,379
1,4724,270
1,4725,388
1,4726,269
1,4727,115
1,4728,433
1,4729,47
1,4730,351
1,4731,380
1,4732,409
1,4733,404
1,4734,412
1,4735,47
1,4736,302
1,4737,657
1,4738,91
1,4739,326
1,4740,487
1,4741,452
1,4742,407
1,4743,411
1,4744,76
1,4745,403
1,4746,343
1,4747,367
1,4748,64
1,4749,300
1,4750,285
1,4751,386
1,4752,351
1,4753,36
1,4754,417
1,4755,34
1,4756,407
1,4757,475
1,4758,393
1,4759,42
1,4760,104
1,4761,358
1,4762,49
1,4763,383
1,4764,184
1,4765,264
1,4766,104
1,4767,292
1,4768,195
1,4769,204
1,4770,90
1,4771,179
1,4772,316
1,4773,98
1,4774,219
1,4775,290
1,4776,148
1,4777,106
1,4778,440
1,4779,444
1,4780,270
1,4781,179
1,4782,177
1,4783,163
1,4784,246
1,4785,326
1,4786,55
1,4787,349
1,4788,50
1,4789,272
1,4790,75
1,4791,158
1,4792,252
1,4793,374
1,4794,204
1,4795,399
1,4796,207
1,4797,103
1,4798,344
1,4799,373
1,4800,167
1,4801,236
1,4802,263
1,4803,404
1,4804,283
1,4805,276
1,4806,75
1,4807,502
1,4808,34
1,4809,264
1,4810,53
1,4811,296
1,4812,202
1,4813,396
1,4814,52
1,4815,265
1,4816,699
1,4817,524
1,4818,363
1,4819,445
1,4820,24
1,4821,510
1,4822,488
1,4823,478
1,4824,339
1,4825,272
1,4826,47
1,4827,127
1,4828,602
1,4829,286
1,4830,349
1,4831,462
1,4832,332
1,4833,412
1,4834,443
1,4835,76
1,4836,484
1,4837,257
1,4838,515
1,4839,440
1,4840,286
1,4841,417
1,4842,54
1,4843,466
1,4844,423
1,4845,449
1,4846,449
1,4847,245
1,4848,337
1,4849,431
1,4850,35
1,4851,269
1,4852,352
1,4853,489
1,4854,544
1,4855,373
1,4856,448
1,4857,367
1,4858,60
1,4859,131
1,4860,482
1,4861,96
1,4862,454
1,4863,430
1,4864,51
1,4865,495
1,4866,58
1,4867,247
1,4868,201
1,4869,397
1,4870,398
1,4871,210
1,4872,388
1,4873,44
1,4874,265
1,4875,266
1,4876,44
1,4877,124
1,4878,693
1,4879,322
1,4880,45
1,4881,380
1,4882,305
1,4883,426
1,4884,49
1,4885,379
1,4886,61
1,4887,448
1,4888,186
1,4889,428
1,4890,409
1,4891,407
1,4892,373
1,4893,441
1,4894,402
1,4895,471
1,4896,481
1,4897,580
1,4898,68
1,4899,387
1,4900,67
1,4901,450
1,4902,477
1,4903,97
1,4904,360
1,4905,80
1,4906,326
1,4907,179
1,4908,265
1,4909,119
1,4910,489
1,4911,60
1,4912,454
1,4913,65
1,4914,149
1,4915,443
1,4916,221
1,4917,504
1,4918,207
1,4919,103
1,4920,228
1,4921,263
1,4922,365
1,4923,42
1,4924,359
1,4925,43
1,4926,114
1,4927,446
1,4928,86
1,4929,462
1,4930,437
1,4931,45
1,4932,393
1,4933,354
1,4934,44
1,4935,307
1,4936,105
1,4937,440
1,4938,475
1,4939,470
1,4940,464
1,4941,229
1,4942,361
1,4943,402
1,4944,361
1,4945,439
1,4946,361
1,4947,211
1,4948,78
1,4949,263
1,4950,276
1,4951,441
1,4952,57
1,4953,281
1,4954,421
1,4955,53
1,4956,446
1,4957,99
1,4958,395
1,4959,361
1,4960,170
1,4961,141
1,4962,368
1,4963,72
1,4964,377
1,4965,276
1,4966,277
1,4967,251
1,4968,46
1,4969,229
1,4970,361
1,4971,258
1,4972,223
1,4973,91
1,4974,222
1,4975,291
1,4976,387
1,4977,358
1,4978,31
1,4979,276
1,4980,320
1,4981,42
1,4982,309
1,4983,55
1,4984,151
1,4985,409
1,4986,65
1,4987,173
1,4988,135
1,4989,265
1,4990,187
1,4991,106
1,4992,285
1,4993,295
1,4994,66
1,4995,407
1,4996,33
1,4997,151
1,4998,391
1,4999,50
1,5000,386
1,5001,421
1,5002,152
1,5003,429
1,5004,44
1,5005,464
1,5006,298
1,5007,445
1,5008,236
1,5009,301
1,5010,396
1,5011,150
1,5012,372
1,5013,39
1,5014,626
1,5015,48
1,5016,135
1,5017,458
1,5018,438
1,5019,196
1,5020,307
1,5021,249
1,5022,443
1,5023,46
1,5024,322
1,5025,105
1,5026,372
1,5027,337
1,5028,137
1,5029,374
1,5030,357
1,5031,192
1,5032,377
1,5033,213
1,5034,497
1,5035,412
1,5036,479
1,5037,424
1,5038,349
1,5039,44
1,5040,410
1,5041,362
1,5042,387
1,5043,420
1,5044,41
1,5045,415
1,5046,406
1,5047,477
1,5048,427
1,5049,453
1,5050,222
1,5051,351
1,5052,373
1,5053,69
1,5054,453
1,5055,322
1,5056,172
1,5057,212
1,5058,59
1,5059,146
1,5060,273
1,5061,181
1,5062,277
1,5063,42
1,5064,69
1,5065,127
1,5066,144
1,5067,250
1,5068,237
1,5069,67
1,5070,252
1,5071,108
1,5072,385
1,5073,112
1,5074,306
1,5075,17
1,5076,281
1,5077,74
1,5078,359
1,5079,45
1,5080,281
1,5081,101
1,5082,406
1,5083,254
1,5084,321
1,5085,314
1,5086,77
1,5087,270
1,5088,115
1,5089,358
1,5090,470
1,5091,17
1,5092,311
1,5093,114
1,5094,139
1,5095,188
1,5096,135
1,5097,187
1,5098,101
1,5099,386
1,5100,48
1,5101,204
1,5102,257
1,5103,349
1,5104,44
1,5105,277
1,5106,106
1,5107,368
1,5108,71
1,5109,302
1,5110,114
1,5111,152
1,5112,384
1,5113,105
1,5114,345
1,5115,156
1,5116,120
1,5117,289
1,5118,377
1,5119,377
1,5120,438
1,5121,122
1,5122,153
1,5123,179
1,5124,383
1,5125,378
1,5126,316
1,5127,49
1,5128,315
1,5129,55
1,5130,366
1,5131,308
1,5132,138
1,5133,383
1,5134,47
1,5135,301
1,5136,881
1,5137,321
1,5138,35
1,5139,514
1,5140,230
1,5141,131
1,5142,443
1,5143,40
1,5144,301
1,5145,78
1,5146,176
1,5147,154
1,5148,453
1,5149,389
1,5150,34
1,5151,513
1,5152,277
1,5153,42
1,5154,207
1,5155,285
1,5156,30
1,5157,233
1,5158,323
1,5159,25
1,5160,269
1,5161,410
1,5162,416
1,5163,330
1,5164,328
1,5165,44
1,5166,260
1,5167,106
1,5168,401
1,5169,332
1,5170,391
1,5171,395
1,5172,419
1,5173,49
1,5174,335
1,5175,243
1,5176,65
1,5177,415
1,5178,379
1,5179,65
1,5180,319
1,5181,67
1,5182,318
1,5183,222
1,5184,149
1,5185,215
1,5186,123
1,5187,235
1,5188,120
1,5189,364
1,5190,50
1,5191,298
1,5192,372
1,5193,34
1,5194,351
1,5195,398
1,5196,47
1,5197,360
1,5198,328
1,5199,437
1,5200,48
1,5201,248
1,5202,298
1,5203,117
1,5204,168
1,5205,261
1,5206,390
1,5207,384
1,5208,42
1,5209,356
1,5210,67
1,5211,235
1,5212,379
1,5213,42
1,5214,386
1,5215,49
1,5216,224
1,5217,139
1,5218,406
1,5219,48
1,5220,174
1,5221,381
1,5222,422
1,5223,488
1,5224,446
1,5225,13
1,5226,289
1,5227,292
1,5228,353
1,5229,56
1,5230,316
1,5231,497
1,5232,58
1,5233,589
1,5234,380
1,5235,206
1,5236,437
1,5237,60
1,5238,385
1,5239,136
1,5240,164
1,5241,315
1,5242,238
1,5243,368
1,5244,535
1,5245,481
1,5246,651
1,5247,85
1,5248,602
1,5249,77
1,5250,284
1,5251,84
1,5252,196
1,5253,363
1,5254,238
1,5255,123
1,5256,470
1,5257,103
1,5258,329
1,5259,527
1,5260,529
1,5261,228
1,5262,150
1,5263,523
1,5264,366
1,5265,439
1,5266,68
1,5267,479
1,5268,447
1,5269,254
1,5270,152
1,5271,313
1,5272,306
1,5273,294
1,5274,204
1,5275,469
1,5276,392
1,5277,68
1,5278,286
1,5279,252
1,5280,373
1,5281,437
1,5282,279
1,5283,93
1,5284,438
1,5285,74
1,5286,176
1,5287,318
1,5288,148
1,5289,367
1,5290,475
1,5291,27
1,5292,225
1,5293,242
1,5294,97
1,5295,287
1,5296,112
1,5297,304
1,5298,75
1,5299,433
1,5300,148
1,5301,114
1,5302,338
1,5303,379
1,5304,71
1,5305,112
1,5306,400
1,5307,241
1,5308,410
1,5309,351
1,5310,283
1,5311,512
1,5312,279
1,5313,47
1,5314,312
1,5315,286
1,5316,480
1,5317,126
1,5318,453
1,5319,294
1,5320,99
1,5321,256
1,5322,136
1,5323,177
1,5324,427
1,5325,469
1,5326,325
1,5327,75
1,5328,275
1,5329,105
1,5330,509
1,5331,71
1,5332,361
1,5333,289
1,5334,352
1,5335,153
1,5336,370
1,5337,416
1,5338,78
1,5339,109
1,5340,467
1,5341,78
1,5342,205
1,5343,452
1,5344,63
1,5345,421
1,5346,61
1,5347,502
1,5348,350
1,5349,305
1,5350,141
1,5351,400
1,5352,19
1,5353,367
1,5354,145
1,5355,271
1,5356,252
1,5357,168
1,5358,554
1,5359,63
1,5360,291
1,5361,347
1,5362,130
1,5363,471
1,5364,81
1,5365,365
1,5366,413
1,5367,61
1,5368,217
1,5369,333
1,5370,171
1,5371,150
1,5372,282
1,5373,289
1,5374,82
1,5375,218
1,5376,106
1,5377,320
1,5378,390
1,5379,144
1,5380,458
1,5381,156
1,5382,476
1,5383,423
1,5384,359
1,5385,381
1,5386,77
1,5387,227
1,5388,308
1,5389,341
1,5390,106
1,5391,368
1,5392,142
1,5393,506
1,5394,497
1,5395,159
1,5396,145
1,5397,178
1,5398,492
1,5399,459
1,5400,61
1,5401,438
1,5402,101
1,5403,472
1,5404,411
1,5405,65
1,5406,434
1,5407,106
1,5408,423
1,5409,71
1,5410,253
1,5411,95
1,5412,554
1,5413,81
1,5414,296
1,5415,248
1,5416,180
1,5417,197
1,5418,454
1,5419,60
1,5420,435
1,5421,225
1,5422,443
1,5423,262
1,5424,192
1,5425,236
1,5426,158
1,5427,404
1,5428,531
1,5429,64
1,5430,407
1,5431,63
1,5432,181
1,5433,396
1,5434,151
1,5435,192
1,5436,170
1,5437,244
1,5438,317
1,5439,43
1,5440,456
1,5441,83
1,5442,512
1,5443,65
1,5444,252
1,5445,124
1,5446,187
1,5447,228
1,5448,158
1,5449,168
1,5450,416
1,5451,39
1,5452,416
1,5453,441
1,5454,166
1,5455,154
1,5456,280
1,5457,268
1,5458,71
1,5459,295
1,5460,47
1,5461,288
1,5462,67
1,5463,244
1,5464,487
1,5465,365
1,5466,66
1,5467,216
1,5468,170
1,5469,366
1,5470,52
1,5471,393
1,5472,64
1,5473,272
1,5474,60
1,5475,283
1,5476,129
1,5477,303
1,5478,270
1,5479,62
1,5480,267
1,5481,268
1,5482,329
1,5483,571
1,5484,132
1,5485,301
1,5486,72
1,5487,328
1,5488,124
1,5489,339
1,5490,57
1,5491,337
1,5492,73
1,5493,172
1,5494,356
1,5495,94
1,5496,212
1,5497,188
1,5498,358
1,5499,87
1,5500,239
1,5501,153
1,5502,448
1,5503,169
1,5504,159
1,5505,465
1,5506,134
1,5507,174
1,5508,438
1,5509,366
1,5510,139
1,5511,284
1,5512,125
1,5513,377
1,5514,123
1,5515,245
1,5516,505
1,5517,78
1,5518,179
1,5519,428
1,5520,424
1,5521,124
1,5522,367
1,5523,71
1,5524,311
1,5525,106
1,5526,444
1,5527,645
1,5528,62
1,5529,407
1,5530,68
1,5531,281
1,5532,452
1,5533,423
1,5534,69
1,5535,310
1,5536,197
1,5537,157
1,5538,358
1,5539,64
1,5540,459
1,5541,54
1,5542,440
1,5543,141
1,5544,149
1,5545,347
1,5546,481
1,5547,367
1,5548,73
1,5549,188
1,5550,421
1,5551,286
1,5552,115
1,5553,403
1,5554,164
1,5555,151
1,5556,627
1,5557,144
1,5558,151
1,5559,421
1,5560,242
1,5561,450
1,5562,62
1,5563,415
1,5564,201
1,5565,373
1,5566,69
1,5567,270
1,5568,384
1,5569,313
1,5570,315
1,5571,314
1,5572,50
1,5573,213
1,5574,144
1,5575,298
1,5576,137
1,5577,382
1,5578,50
1,5579,242
1,5580,124
1,5581,402
1,5582,51
1,5583,387
1,5584,240
1,5585,105
1,5586,459
1,5587,229
1,5588,283
1,5589,426
1,5590,38
1,5591,445
1,5592,317
1,5593,265
1,5594,591
1,5595,179
1,5596,379
1,5597,62
1,5598,433
1,5599,226
1,5600,237
1,5601,134
1,5602,425
1,5603,280
1,5604,303
1,5605,227
1,5606,104
1,5607,399
1,5608,275
1,5609,59
1,5610,433
1,5611,255
1,5612,315
1,5613,239
1,5614,356
1,5615,611
1,5616,204
1,5617,106
1,5618,448
1,5619,58
1,5620,345
1,5621,60
1,5622,520
1,5623,60
1,5624,184
1,5625,427
1,5626,433
1,5627,56
1,5628,271
1,5629,120
1,5630,358
1,5631,132
1,5632,195
1,5633,251
1,5634,289
1,5635,328
1,5636,99
1,5637,195
1,5638,176
1,5639,422
1,5640,53
1,5641,349
1,5642,60
1,5643,431
1,5644,70
1,5645,404
1,5646,247
1,5647,410
1,5648,141
1,5649,130
1,5650,504
1,5651,134
1,5652,395
1,5653,255
1,5654,296
1,5655,332
1,5656,52
1,5657,274
1,5658,46
1,5659,371
1,5660,44
1,5661,309
1,5662,254
1,5663,229
1,5664,330
1,5665,229
1,5666,38
1,5667,200
1,5668,309
1,5669,78
1,5670,317
1,5671,194
1,5672,221
1,5673,375
1,5674,536
1,5675,68
1,5676,283
1,5677,449
1,5678,269
1,5679,352
1,5680,75
1,5681,216
1,5682,225
1,5683,120
1,5684,100
1,5685,403
1,5686,70
1,5687,337
1,5688,471
1,5689,30
1,5690,351
1,5691,76
1,5692,367
1,5693,93
1,5694,351
1,5695,72
1,5696,403
1,5697,171
1,5698,270
1,5699,501
1,5700,74
1,5701,122
1,5702,385
1,5703,89
1,5704,223
1,5705,170
1,5706,350
1,5707,307
1,5708,76
1,5709,313
1,5710,115
1,5711,284
1,5712,355
1,5713,91
1,5714,433
1,5715,66
1,5716,284
1,5717,112
1,5718,350
1,5719,296
1,5720,342
1,5721,69
1,5722,205
1,5723,221
1,5724,396
1,5725,59
1,5726,388
1,5727,58
1,5728,367
1,5729,368
1,5730,310
1,5731,131
1,5732,171
1,5733,97
1,5734,390
1,5735,40
1,5736,421
1,5737,226
1,5738,350
1,5739,66
1,5740,299
1,5741,120
1,5742,254
1,5743,400
1,5744,379
1,5745,366
1,5746,66
1,5747,163
1,5748,441
1,5749,361
1,5750,308
1,5751,287
1,5752,328
1,5753,270
1,5754,47
1,5755,296
1,5756,41
1,5757,341
1,5758,182
1,5759,318
1,5760,99
1,5761,161
1,5762,252
1,5763,50
1,5764,245
1,5765,396
1,5766,49
1,5767,386
1,5768,51
1,5769,190
1,5770,400
1,5771,427
1,5772,399
1,5773,192
1,5774,125
1,5775,191
1,5776,132
1,5777,235
1,5778,282
1,5779,370
1,5780,153
1,5781,454
1,5782,50
1,5783,204
1,5784,245
1,5785,345
1,5786,52
1,5787,319
1,5788,87
1,5789,218
1,5790,117
1,5791,296
1,5792,366
1,5793,388
1,5794,407
1,5795,376
1,5796,119
1,5797,195
1,5798,346
1,5799,411
1,5800,405
1,5801,44
1,5802,396
1,5803,26
1,5804,370
1,5805,226
1,5806,45
1,5807,251
1,5808,374
1,5809,196
1,5810,383
1,5811,396
1,5812,378
1,5813,416
1,5814,94
1,5815,177
1,5816,493
1,5817,141
1,5818,184
1,5819,144
1,5820,119
1,5821,298
1,5822,46
1,5823,275
1,5824,224
1,5825,213
1,5826,291
1,5827,341
1,5828,44
1,5829,238
1,5830,91
1,5831,299
1,5832,50
1,5833,322
1,5834,78
1,5835,355
1,5836,307
1,5837,115
1,5838,420
1,5839,354
1,5840,389
1,5841,409
1,5842,380
1,5843,53
1,5844,307
1,5845,52
1,5846,342
1,5847,371
1,5848,49
1,5849,235
1,5850,307
1,5851,100
1,5852,240
1,5853,120
1,5854,645
1,5855,53
1,5856,381
1,5857,93
1,5858,309
1,5859,56
1,5860,233
1,5861,434
1,5862,374
1,5863,51
1,5864,97
1,5865,355
1,5866,55
1,5867,527
1,5868,73
1,5869,182
1,5870,408
1,5871,41
1,5872,388
1,5873,46
1,5874,361
1,5875,147
1,5876,252
1,5877,268
1,5878,256
1,5879,102
1,5880,259
1,5881,387
1,5882,50
1,5883,292
1,5884,207
1,5885,311
1,5886,147
1,5887,132
1,5888,369
1,5889,236
1,5890,52
1,5891,245
1,5892,205
1,5893,357
1,5894,81
1,5895,108
1,5896,367
1,5897,140
1,5898,243
1,5899,256
1,5900,263
1,5901,195
1,5902,359
1,5903,92
1,5904,221
1,5905,135
1,5906,268
1,5907,116
1,5908,303
1,5909,55
1,5910,148
1,5911,318
1,5912,260
1,5913,342
1,5914,362
1,5915,138
1,5916,373
1,5917,47
1,5918,329
1,5919,110
1,5920,240
1,5921,323
1,5922,290
1,5923,175
1,5924,314
1,5925,377
1,5926,195
1,5927,329
1,5928,338
1,5929,298
1,5930,216
1,5931,53
1,5932,348
1,5933,44
1,5934,307
1,5935,349
1,5936,331
1,5937,48
1,5938,416
1,5939,362
1,5940,303
1,5941,321
1,5942,407
1,5943,92
1,5944,129
1,5945,149
1,5946,352
1,5947,300
1,5948,379
1,5949,270
1,5950,388
1,5951,269
1,5952,115
1,5953,433
1,5954,47
1,5955,351
1,5956,380
1,5957,409
1,5958,404
1,5959,412
1,5960,47
1,5961,302
1,5962,657
1,5963,91
1,5964,326
1,5965,487
1,5966,452
1,5967,407
1,5968,411
1,5969,76
1,5970,403
1,5971,343
1,5972,367
1,5973,64
1,5974,300
1,5975,285
1,5976,386
1,5977,351
1,5978,36
1,5979,417
1,5980,34
1,5981,407
1,5982,475
1,5983,393
1,5984,42
1,5985,104
1,5986,358
1,5987,49
1,5988,383
1,5989,184
1,5990,264
1,5991,104
1,5992,292
1,5993,195
1,5994,204
1,5995,90
1,5996,179
1,5997,316
1,5998,98
1,5999,219
1,6000,290
1,6001,148
1,6002,106
1,6003,440
1,6004,444
1,6005,270
1,6006,179
1,6007,177
1,6008,163
1,6009,246
1,6010,326
1,6011,55
1,6012,349
1,6013,50
1,6014,272
1,6015,75
1,6016,158
1,6017,252
1,6018,374
1,6019,204
1,6020,399
1,6021,207
1,6022,103
1,6023,344
1,6024,373
1,6025,167
1,6026,236
1,6027,263
1,6028,404
1,6029,283
1,6030,276
1,6031,75
1,6032,502
1,6033,34
1,6034,264
1,6035,53
1,6036,296
1,6037,202
1,6038,396
1,6039,52
1,6040,265
1,6041,699
1,6042,524
1,6043,363
1,6044,445
1,6045,24
1,6046,510
1,6047,488
1,6048,478
1,6049,339
1,6050,272
1,6051,47
1,6052,127
1,6053,602
1,6054,286
1,6055,349
1,6056,462
1,6057,332
1,6058,412
1,6059,443
1,6060,76
1,6061,484
1,6062,257
1,6063,515
1,6064,440
1,6065,286
1,6066,417
1,6067,54
1,6068,466
1,6069,423
1,6070,449
1,6071,449
1,6072,245
1,6073,337
1,6074,431
1,6075,35
1,6076,269
1,6077,352
1,6078,489
1,6079,544
1,6080,373
1,6081,448
1,6082,367
1,6083,60
1,6084,131
1,6085,482
1,6086,96
1,6087,454
1,6088,430
1,6089,51
1,6090,495
1,6091,58
1,6092,247
1,6093,201
1,6094,397
1,6095,398
1,6096,210
1,6097,388
1,6098,44
1,6099,265
1,6100,266
1,6101,44
1,6102,124
1,6103,693
1,6104,322
1,6105,45
1,6106,380
1,6107,305
1,6108,426
1,6109,49
1,6110,379
1,6111,61
1,6112,448
1,6113,186
1,6114,428
1,6115,409
1,6116,407
1,6117,373
1,6118,441
1,6119,402
1,6120,471
1,6121,481
1,6122,580
1,6123,68
1,6124,387
1,6125,67
1,6126,450
1,6127,477
1,6128,97
1,6129,360
1,6130,80
1,6131,326
1,6132,179
1,6133,265
1,6134,119
1,6135,489
1,6136,60
1,6137,454
1,6138,65
1,6139,149
1,6140,443
1,6141,221
1,6142,504
1,6143,207
1,6144,103
1,6145,228
1,6146,263
1,6147,365
1,6148,42
1,6149,359
1,6150,43
1,6151,114
1,6152,446
1,6153,86
1,6154,462
1,6155,437
1,6156,45
1,6157,393
1,6158,354
1,6159,44
1,6160,307
1,6161,105
1,6162,440
1,6163,475
1,6164,470
1,6165,464
1,6166,229
1,6167,361
1,6168,402
1,6169,361
1,6170,439
1,6171,361
1,6172,211
1,6173,78
1,6174,263
1,6175,276
1,6176,441
1,6177,57
1,6178,281
1,6179,421
1,6180,53
1,6181,446
1,6182,99
1,6183,395
1,6184,361
1,6185,170
1,6186,141
1,6187,368
1,6188,72
1,6189,377
1,6190,276
1,6191,277
1,6192,251
1,6193,46
1,6194,229
1,6195,361
1,6196,258
1,6197,223
1,6198,91
1,6199,222
1,6200,291
1,6201,387
1,6202,358
1,6203,31
1,6204,276
1,6205,320
1,6206,42
1,6207,309
1,6208,55
1,6209,151
1,6210,409
1,6211,65
1,6212,173
1,6213,135
1,6214,265
1,6215,187
1,6216,106
1,6217,285
1,6218,295
1,6219,66
1,6220,407
1,6221,33
1,6222,151
1,6223,391
1,6224,50
1,6225,386
1,6226,421
1,6227,152
1,6228,429
1,6229,44
1,6230,464
1,6231,298
1,6232,445
1,6233,236
1,6234,301
1,6235,396
1,6236,150
1,6237,372
1,6238,39
1,6239,626
1,6240,48
1,6241,135
1,6242,458
1,6243,438
1,6244,196
1,6245,307
1,6246,249
1,6247,443
1,6248,46
1,6249,322
1,6250,105
1,6251,372
1,6252,337
1,6253,137
1,6254,374
1,6255,357
1,6256,192
1,6257,377
1,6258,213
1,6259,497
1,6260,412
1,6261,479
1,6262,424
1,6263,349
1,6264,44
1,6265,410
1,6266,362
1,6267,387
1,6268,420
1,6269,41
1,6270,415
1,6271,406
1,6272,477
1,6273,427
1,6274,453
1,6275,222
1,6276,351
1,6277,373
1,6278,69
1,6279,453
1,6280,322
1,6281,172
1,6282,212
1,6283,59
1,6284,146
1,6285,273
1,6286,181
1,6287,277
1,6288,42
1,6289,69
1,6290,127
1,6291,144
1,6292,250
1,6293,237
1,6294,67
1,6295,252
1,6296,108
1,6297,385
1,6298,112
1,6299,306
1,6300,17
1,6301,281
1,6302,74
1,6303,359
1,6304,45
1,6305,281
1,6306,101
1,6307,406
1,6308,254
1,6309,321
1,6310,314
1,6311,77
1,6312,270
1,6313,115
1,6314,358
1,6315,470
1,6316,17
1,6317,311
1,6318,114
1,6319,139
1,6320,188
1,6321,135
1,6322,187
1,6323,101
1,6324,386
1,6325,48
1,6326,204
1,6327,257
1,6328,349
1,6329,44
1,6330,277
1,6331,106
1,6332,368
1,6333,71
1,6334,302
1,6335,114
1,6336,152
1,6337,384
1,6338,105
1,6339,345
1,6340,156
1,6341,120
1,6342,289
1,6343,377
1,6344,377
1,6345,438
1,6346,122
1,6347,153
1,6348,179
1,6349,383
1,6350,378
1,6351,316
1,6352,49
1,6353,315
1,6354,55
1,6355,366
1,6356,308
1,6357,138
1,6358,383
1,6359,47
1,6360,301
1,6361,881
1,6362,321
1,6363,35
1,6364,514
1,6365,230
1,6366,131
1,6367,443
1,6368,40
1,6369,301
1,6370,78
1,6371,176
1,6372,154
1,6373,453
1,6374,389
1,6375,34
1,6376,513
1,6377,277
1,6378,42
1,6379,207
1,6380,285
1,6381,30
1,6382,233
1,6383,323
1,6384,25
1,6385,269
1,6386,410
1,6387,416
1,6388,330
1,6389,328
1,6390,44
1,6391,260
1,6392,106
1,6393,401
1,6394,332
1,6395,391
1,6396,395
1,6397,419
1,6398,49
1,6399,335
1,6400,243
1,6401,65
1,6402,415
1,6403,379
1,6404,65
1,6405,319
1,6406,67
1,6407,318
1,6408,222
1,6409,149
1,6410,215
1,6411,123
1,6412,235
1,6413,120
1,6414,364
1,6415,50
1,6416,298
1,6417,372
1,6418,34
1,6419,351
1,6420,398
1,6421,47
1,6422,360
1,6423,328
1,6424,437
1,6425,48
1,6426,248
1,6427,298
1,6428,117
1,6429,168
1,6430,261
1,6431,390
1,6432,384
1,6433,42
1,6434,356
1,6435,67
1,6436,235
1,6437,379
1,6438,42
1,6439,386
1,6440,49
1,6441,224
1,6442,139
1,6443,406
1,6444,48
1,6445,174
1,6446,381
1,6447,422
1,6448,488
1,6449,315
1,6450,55
1,6451,379
1,6452,260
1,6453,381
1,6454,316
1,6455,360
1,6456,542
1,6457,494
1,6458,76
1,6459,370
1,6460,47
1,6461,527
1,6462,69
1,6463,464
1,6464,267
1,6465,481
1,6466,77
1,6467,308
1,6468,523
1,6469,101
1,6470,670
1,6471,605
1,6472,527
1,6473,26
1,6474,477
1,6475,534
1,6476,755
1,6477,68
1,6478,459
1,6479,408
1,6480,279
1,6481,107
1,6482,492
1,6483,438
1,6484,428
1,6485,78
1,6486,655
1,6487,82
1,6488,301
1,6489,499
1,6490,338
1,6491,500
1,6492,72
1,6493,507
1,6494,529
1,6495,85
1,6496,380
1,6497,491
1,6498,447
1,6499,613
1,6500,428
1,6501,66
1,6502,444
1,6503,288
1,6504,237
1,6505,289
1,6506,432
1,6507,27
1,6508,455
1,6509,326
1,6510,61
1,6511,332
1,6512,403
1,6513,114
1,6514,651
1,6515,565
1,6516,354
1,6517,58
1,6518,293
1,6519,163
1,6520,266
1,6521,61
1,6522,560
1,6523,138
1,6524,160
1,6525,151
1,6526,534
1,6527,76
1,6528,119
1,6529,299
1,6530,469
1,6531,633
1,6532,547
1,6533,48
1,6534,538
1,6535,66
1,6536,300
1,6537,187
1,6538,494
1,6539,51
1,6540,539
1,6541,61
1,6542,492
1,6543,271
1,6544,483
1,6545,67
1,6546,375
1,6547,186
1,6548,510
1,6549,53
1,6550,507
1,6551,235
1,6552,443
1,6553,541
1,6554,502
1,6555,82
1,6556,302
1,6557,515
1,6558,22
1,6559,568
1,6560,436
1,6561,527
1,6562,435
1,6563,61
1,6564,468
1,6565,379
1,6566,259
1,6567,467
1,6568,75
1,6569,286
1,6570,477
1,6571,74
1,6572,249
1,6573,447
1,6574,506
1,6575,504
1,6576,388
1,6577,384
1,6578,119
1,6579,335
1,6580,322
1,6581,59
1,6582,362
1,6583,63
1,6584,389
1,6585,245
1,6586,455
1,6587,74
1,6588,281
1,6589,510
1,6590,836
1,6591,407
1,6592,557
1,6593,106
1,6594,447
1,6595,94
1,6596,360
1,6597,617
1,6598,215
1,6599,132
1,6600,471
1,6601,399
1,6602,321
1,6603,78
1,6604,456
1,6605,613
1,6606,199
1,6607,278
1,6608,295
1,6609,94
1,6610,584
1,6611,551
1,6612,74
1,6613,464
1,6614,357
1,6615,489
1,6616,89
1,6617,299
1,6618,631
1,6619,600
1,6620,487
1,6621,123
1,6622,496
1,6623,443
1,6624,63
1,6625,431
1,6626,297
1,6627,64
1,6628,481
1,6629,226
1,6630,438
1,6631,143
1,6632,275
1,6633,297
1,6634,66
1,6635,487
1,6636,348
1,6637,461
1,6638,541
1,6639,26
1,6640,480
1,6641,69
1,6642,99
1,6643,587
1,6644,341
1,6645,97
1,6646,374
1,6647,316
1,6648,443
1,6649,70
1,6650,104
1,6651,364
1,6652,440
1,6653,386
1,6654,59
1,6655,348
1,6656,46
1,6657,384
1,6658,492
1,6659,390
1,6660,156
1,6661,377
1,6662,126
1,6663,150
1,6664,374
1,6665,46
1,6666,427
1,6667,441
1,6668,461
1,6669,103
1,6670,451
1,6671,356
1,6672,535
1,6673,387
1,6674,113
1,6675,324
1,6676,195
1,6677,427
1,6678,57
1,6679,311
1,6680,375
1,6681,246
1,6682,461
1,6683,386
1,6684,60
1,6685,415
1,6686,412
1,6687,57
1,6688,452
1,6689,512
1,6690,177
1,6691,354
1,6692,207
1,6693,257
1,6694,421
1,6695,177
1,6696,428
1,6697,97
1,6698,460
1,6699,35
1,6700,482
1,6701,363
1,6702,94
1,6703,425
1,6704,66
1,6705,446
1,6706,77
1,6707,343
1,6708,404
1,6709,202
1,6710,132
1,6711,443
1,6712,390
1,6713,310
1,6714,532
1,6715,420
1,6716,65
1,6717,469
1,6718,378
1,6719,273
1,6720,268
1,6721,102
1,6722,420
1,6723,470
1,6724,694
1,6725,18
1,6726,541
1,6727,459
1,6728,75
1,6729,260
1,6730,464
1,6731,56
1,6732,455
1,6733,63
1,6734,334
1,6735,90
1,6736,450
1,6737,410
1,6738,129
1,6739,209
1,6740,192
1,6741,380
1,6742,359
1,6743,429
1,6744,198
1,6745,378
1,6746,58
1,6747,398
1,6748,438
1,6749,53
1,6750,419
1,6751,248
1,6752,436
1,6753,53
1,6754,433
1,6755,463
1,6756,79
1,6757,139
1,6758,416
1,6759,69
1,6760,263
1,6761,439
1,6762,291
1,6763,666
1,6764,370
1,6765,253
1,6766,336
1,6767,524
1,6768,61
1,6769,76
1,6770,407
1,6771,481
1,6772,55
1,6773,346
1,6774,45
1,6775,522
1,6776,467
1,6777,56
1,6778,272
1,6779,112
1,6780,425
1,6781,436
1,6782,51
1,6783,456
1,6784,256
1,6785,568
1,6786,55
1,6787,443
1,6788,486
1,6789,469
1,6790,187
1,6791,136
1,6792,411
1,6793,388
1,6794,52
1,6795,307
1,6796,289
1,6797,375
1,6798,49
1,6799,242
1,6800,399
1,6801,391
1,6802,105
1,6803,415
1,6804,47
1,6805,237
1,6806,379
1,6807,49
1,6808,366
1,6809,65
1,6810,456
1,6811,126
1,6812,389
1,6813,222
1,6814,198
1,6815,403
1,6816,17
1,6817,255
1,6818,83
1,6819,388
1,6820,66
1,6821,347
1,6822,69
1,6823,444
1,6824,110
1,6825,153
1,6826,223
1,6827,324
1,6828,146
1,6829,169
1,6830,469
1,6831,52
1,6832,477
1,6833,432
1,6834,62
1,6835,396
1,6836,70
1,6837,174
1,6838,458
1,6839,60
1,6840,104
1,6841,393
1,6842,57
1,6843,392
1,6844,131
1,6845,161
1,6846,404
1,6847,441
1,6848,360
1,6849,321
1,6850,283
1,6851,469
1,6852,52
1,6853,444
1,6854,327
1,6855,63
1,6856,466
1,6857,436
1,6858,444
1,6859,132
1,6860,317
1,6861,100
1,6862,433
1,6863,265
1,6864,177
1,6865,322
1,6866,53
1,6867,372
1,6868,61
1,6869,209
1,6870,317
1,6871,198
1,6872,254
1,6873,28
1,6874,169
1,6875,83
1,6876,318
1,6877,59
1,6878,264
1,6879,65
1,6880,353
1,6881,79
1,6882,144
1,6883,199
1,6884,261
1,6885,107
1,6886,181
1,6887,326
1,6888,68
1,6889,390
1,6890,386
1,6891,87
1,6892,216
1,6893,316
1,6894,56
1,6895,466
1,6896,48
1,6897,486
1,6898,461
1,6899,53
1,6900,397
1,6901,426
1,6902,62
1,6903,388
1,6904,70
1,6905,177
1,6906,468
1,6907,61
1,6908,104
1,6909,389
1,6910,56
1,6911,386
1,6912,134
1,6913,163
1,6914,404
1,6915,333
1,6916,64
1,6917,500
1,6918,455
1,6919,55
1,6920,404
1,6921,431
1,6922,445
1,6923,357
1,6924,320
1,6925,280
1,6926,502
1,6927,54
1,6928,460
1,6929,56
1,6930,110
1,6931,386
1,6932,64
1,6933,212
1,6934,309
1,6935,214
1,6936,336
1,6937,119
1,6938,192
1,6939,310
1,6940,196
1,6941,203
1,6942,422
1,6943,61
1,6944,189
1,6945,432
1,6946,509
1,6947,382
1,6948,51
1,6949,300
1,6950,46
1,6951,425
1,6952,270
1,6953,504
1,6954,163
1,6955,457
1,6956,49
1,6957,228
1,6958,331
1,6959,26
1,6960,433
1,6961,56
1,6962,268
1,6963,467
1,6964,509
1,6965,258
1,6966,104
1,6967,517
1,6968,254
1,6969,46
1,6970,513
1,6971,484
1,6972,57
1,6973,423
1,6974,47
1,6975,542
1,6976,48
1,6977,500
1,6978,143
1,6979,297
1,6980,404
1,6981,181
1,6982,298
1,6983,68
1,6984,520
1,6985,58
1,6986,293
1,6987,157
1,6988,156
1,6989,522
1,6990,66
1,6991,416
1,6992,468
1,6993,26
1,6994,490
1,6995,59
1,6996,164
1,6997,466
1,6998,56
1,6999,119
1,7000,355
1,7001,394
1,7002,54
1,7003,360
1,7004,368
1,7005,482
1,7006,371
1,7007,54
1,7008,296
1,7009,52
1,7010,161
1,7011,309
1,7012,323
1,7013,47
1,7014,375
1,7015,123
1,7016,137
1,7017,221
1,7018,310
1,7019,61
1,7020,341
1,7021,361
1,7022,55
1,7023,256
1,7024,240
1,7025,360
1,7026,57
1,7027,338
1,7028,401
1,7029,62
1,7030,172
1,7031,427
1,7032,558
1,7033,107
1,7034,169
1,7035,280
1,7036,292
1,7037,78
1,7038,225
1,7039,354
1,7040,64
1,7041,111
1,7042,301
1,7043,498
1,7044,218
1,7045,441
1,7046,119
1,7047,369
1,7048,445
1,7049,116
1,7050,589
1,7051,63
1,7052,293
1,7053,433
1,7054,161
1,7055,425
1,7056,77
1,7057,442
1,7058,344
1,7059,56
1,7060,290
1,7061,314
1,7062,62
1,7063,423
1,7064,60
1,7065,403
1,7066,223
1,7067,490
1,7068,562
1,7069,64
1,7070,383
1,7071,243
1,7072,412
1,7073,255
1,7074,184
1,7075,429
1,7076,57
1,7077,402
1,7078,52
1,7079,436
1,7080,388
1,7081,56
1,7082,391
1,7083,67
1,7084,372
1,7085,47
1,7086,403
1,7087,292
1,7088,53
1,7089,407
1,7090,271
1,7091,332
1,7092,51
1,7093,377
1,7094,57
1,7095,302
1,7096,58
1,7097,288
1,7098,518
1,7099,55
1,7100,365
1,7101,317
1,7102,403
1,7103,43
1,7104,428
1,7105,386
1,7106,81
1,7107,251
1,7108,510
1,7109,446
1,7110,13
1,7111,289
1,7112,292
1,7113,353
1,7114,56
1,7115,316
1,7116,497
1,7117,58
1,7118,589
1,7119,380
1,7120,206
1,7121,437
1,7122,60
1,7123,385
1,7124,136
1,7125,164
1,7126,315
1,7127,238
1,7128,368
1,7129,535
1,7130,481
1,7131,651
1,7132,85
1,7133,602
1,7134,77
1,7135,284
1,7136,84
1,7137,196
1,7138,363
1,7139,238
1,7140,123
1,7141,470
1,7142,103
1,7143,329
1,7144,527
1,7145,529
1,7146,228
1,7147,150
1,7148,523
1,7149,366
1,7150,439
1,7151,68
1,7152,479
1,7153,447
1,7154,254
1,7155,152
1,7156,313
1,7157,306
1,7158,294
1,7159,204
1,7160,469
1,7161,392
1,7162,68
1,7163,286
1,7164,252
1,7165,373
1,7166,437
1,7167,279
1,7168,93
1,7169,438
1,7170,74
1,7171,176
1,7172,318
1,7173,148
1,7174,367
1,7175,475
1,7176,27
1,7177,225
1,7178,242
1,7179,97
1,7180,287
1,7181,112
1,7182,304
1,7183,75
1,7184,433
1,7185,148
1,7186,114
1,7187,338
1,7188,379
1,7189,71
1,7190,112
1,7191,400
1,7192,241
1,7193,410
1,7194,351
1,7195,283
1,7196,512
1,7197,279
1,7198,47
1,7199,312
1,7200,286
1,7201,480
1,7202,126
1,7203,453
1,7204,294
1,7205,99
1,7206,256
1,7207,136
1,7208,177
1,7209,427
1,7210,469
1,7211,325
1,7212,75
1,7213,275
1,7214,105
1,7215,509
1,7216,71
1,7217,361
1,7218,289
1,7219,352
1,7220,153
1,7221,370
1,7222,416
1,7223,78
1,7224,109
1,7225,467
1,7226,78
1,7227,205
1,7228,452
1,7229,63
1,7230,421
1,7231,61
1,7232,502
1,7233,350
1,7234,305
1,7235,141
1,7236,400
1,7237,19
1,7238,367
1,7239,145
1,7240,271
1,7241,252
1,7242,168
1,7243,554
1,7244,63
1,7245,291
1,7246,347
1,7247,130
1,7248,471
1,7249,81
1,7250,365
1,7251,413
1,7252,61
1,7253,217
1,7254,333
1,7255,171
1,7256,150
1,7257,282
1,7258,289
1,7259,82
1,7260,218
1,7261,106
1,7262,320
1,7263,390
1,7264,144
1,7265,458
1,7266,156
1,7267,476
1,7268,423
1,7269,359
1,7270,381
1,7271,77
1,7272,227
1,7273,308
1,7274,341
1,7275,106
1,7276,368
1,7277,142
1,7278,506
1,7279,497
1,7280,159
1,7281,145
1,7282,178
1,7283,492
1,7284,459
1,7285,61
1,7286,438
1,7287,101
1,7288,472
1,7289,411
1,7290,65
1,7291,434
1,7292,106
1,7293,423
1,7294,71
1,7295,253
1,7296,95
1,7297,554
1,7298,81
1,7299,296
1,7300,248
1,7301,180
1,7302,197
1,7303,454
1,7304,60
1,7305,435
1,7306,225
1,7307,443
1,7308,262
1,7309,192
1,7310,236
1,7311,158
1,7312,404
1,7313,531
1,7314,64
1,7315,407
1,7316,63
1,7317,181
1,7318,396
1,7319,151
1,7320,192
1,7321,170
1,7322,244
1,7323,317
1,7324,43
1,7325,456
1,7326,83
1,7327,512
1,7328,65
1,7329,252
1,7330,124
1,7331,187
1,7332,228
1,7333,158
1,7334,168
1,7335,416
1,7336,39
1,7337,416
1,7338,441
1,7339,166
1,7340,154
1,7341,280
1,7342,268
1,7343,71
1,7344,295
1,7345,47
1,7346,288
1,7347,67
1,7348,244
1,7349,487
1,7350,365
1,7351,66
1,7352,216
1,7353,170
1,7354,366
1,7355,52
1,7356,393
1,7357,64
1,7358,272
1,7359,60
1,7360,283
1,7361,129
1,7362,303
1,7363,270
1,7364,62
1,7365,267
1,7366,268
1,7367,329
1,7368,571
1,7369,132
1,7370,301
1,7371,72
1,7372,328
1,7373,124
1,7374,339
1,7375,57
1,7376,337
1,7377,73
1,7378,172
1,7379,356
1,7380,94
1,7381,212
1,7382,188
1,7383,358
1,7384,87
1,7385,239
1,7386,153
1,7387,448
1,7388,169
1,7389,159
1,7390,465
1,7391,134
1,7392,174
1,7393,438
1,7394,366
1,7395,139
1,7396,284
1,7397,125
1,7398,377
1,7399,123
1,7400,245
1,7401,505
1,7402,78
1,7403,179
1,7404,428
1,7405,424
1,7406,124
1,7407,367
1,7408,71
1,7409,311
1,7410,106
1,7411,444
1,7412,645
1,7413,62
1,7414,407
1,7415,68
1,7416,281
1,7417,452
1,7418,423
1,7419,69
1,7420,310
1,7421,197
1,7422,157
1,7423,358
1,7424,64
1,7425,459
1,7426,54
1,7427,440
1,7428,141
1,7429,149
1,7430,347
1,7431,481
1,7432,367
1,7433,73
1,7434,188
1,7435,421
1,7436,286
1,7437,115
1,7438,403
1,7439,164
1,7440,151
1,7441,627
1,7442,144
1,7443,151
1,7444,421
1,7445,242
1,7446,450
1,7447,62
1,7448,415
1,7449,201
1,7450,373
1,7451,69
1,7452,270
1,7453,384
1,7454,313
1,7455,315
1,7456,314
1,7457,50
1,7458,213
1,7459,144
1,7460,298
1,7461,137
1,7462,382
1,7463,50
1,7464,242
1,7465,124
1,7466,402
1,7467,51
1,7468,387
1,7469,240
1,7470,105
1,7471,459
1,7472,229
1,7473,283
1,7474,426
1,7475,38
1,7476,445
1,7477,317
1,7478,265
1,7479,591
1,7480,179
1,7481,379
1,7482,62
1,7483,433
1,7484,226
1,7485,237
1,7486,134
1,7487,425
1,7488,280
1,7489,303
1,7490,227
1,7491,104
1,7492,399
1,7493,275
1,7494,59
1,7495,433
1,7496,255
1,7497,315
1,7498,239
1,7499,356
1,7500,611
1,7501,204
1,7502,106
1,7503,448
1,7504,58
1,7505,345
1,7506,60
1,7507,520
1,7508,60
1,7509,184
1,7510,427
1,7511,433
1,7512,56
1,7513,271
1,7514,120
1,7515,358
1,7516,132
1,7517,195
1,7518,251
1,7519,289
1,7520,328
1,7521,99
1,7522,195
1,7523,176
1,7524,422
1,7525,53
1,7526,349
1,7527,60
1,7528,431
1,7529,70
1,7530,404
1,7531,247
1,7532,410
1,7533,141
1,7534,130
1,7535,504
1,7536,134
1,7537,395
1,7538,255
1,7539,296
1,7540,332
1,7541,52
1,7542,274
1,7543,46
1,7544,371
1,7545,44
1,7546,309
1,7547,254
1,7548,229
1,7549,330
1,7550,229
1,7551,38
1,7552,200
1,7553,309
1,7554,78
1,7555,317
1,7556,194
1,7557,221
1,7558,375
1,7559,536
1,7560,68
1,7561,283
1,7562,449
1,7563,269
1,7564,352
1,7565,75
1,7566,216
1,7567,225
1,7568,120
1,7569,100
1,7570,403
1,7571,70
1,7572,337
1,7573,471
1,7574,30
1,7575,351
1,7576,76
1,7577,367
1,7578,93
1,7579,351
1,7580,72
1,7581,403
1,7582,171
1,7583,270
1,7584,501
1,7585,74
1,7586,122
1,7587,385
1,7588,89
1,7589,223
1,7590,170
1,7591,350
1,7592,307
1,7593,76
1,7594,313
1,7595,115
1,7596,284
1,7597,355
1,7598,91
1,7599,433
1,7600,66
1,7601,284
1,7602,112
1,7603,350
1,7604,296
1,7605,342
1,7606,69
1,7607,205
1,7608,221
1,7609,396
1,7610,59
1,7611,388
1,7612,58
1,7613,367
1,7614,368
1,7615,310
1,7616,131
1,7617,171
1,7618,97
1,7619,390
1,7620,40
1,7621,421
1,7622,226
1,7623,350
1,7624,66
1,7625,299
1,7626,120
1,7627,254
1,7628,400
1,7629,379
1,7630,366
1,7631,66
1,7632,163
1,7633,441
1,7634,361
1,7635,308
1,7636,287
1,7637,328
1,7638,270
1,7639,47
1,7640,296
1,7641,41
1,7642,341
1,7643,182
1,7644,318
1,7645,99
1,7646,161
1,7647,252
1,7648,50
1,7649,245
1,7650,396
1,7651,49
1,7652,386
1,7653,51
1,7654,190
1,7655,400
1,7656,427
1,7657,399
1,7658,192
1,7659,125
1,7660,191
1,7661,132
1,7662,235
1,7663,282
1,7664,370
1,7665,153
1,7666,454
1,7667,50
1,7668,204
1,7669,245
1,7670,345
1,7671,52
1,7672,319
1,7673,87
1,7674,218
1,7675,117
1,7676,296
1,7677,366
1,7678,388
1,7679,407
1,7680,376
1,7681,119
1,7682,195
1,7683,346
1,7684,411
1,7685,405
1,7686,44
1,7687,396
1,7688,26
1,7689,370
1,7690,226
1,7691,45
1,7692,251
1,7693,374
1,7694,196
1,7695,383
1,7696,396
1,7697,378
1,7698,416
1,7699,94
1,7700,177
1,7701,493
1,7702,141
1,7703,184
1,7704,144
1,7705,119
1,7706,298
1,7707,46
1,7708,275
1,7709,224
1,7710,213
1,7711,291
1,7712,341
1,7713,44
1,7714,238
1,7715,91
1,7716,299
1,7717,50
1,7718,322
1,7719,78
1,7720,355
1,7721,307
1,7722,115
1,7723,420
1,7724,354
1,7725,389
1,7726,409
1,7727,380
1,7728,53
1,7729,307
1,7730,52
1,7731,342
1,7732,371
1,7733,49
1,7734,235
1,7735,307
1,7736,100
1,7737,240
1,7738,120
1,7739,645
1,7740,53
1,7741,381
1,7742,93
1,7743,309
1,7744,56
1,7745,233
1,7746,434
1,7747,374
1,7748,51
1,7749,97
1,7750,355
1,7751,55
1,7752,527
1,7753,73
1,7754,182
1,7755,408
1,7756,41
1,7757,388
1,7758,46
1,7759,361
1,7760,147
1,7761,252
1,7762,268
1,7763,256
1,7764,102
1,7765,259
1,7766,387
1,7767,50
1,7768,292
1,7769,207
1,7770,311
1,7771,147
1,7772,132
1,7773,369
1,7774,236
1,7775,52
1,7776,245
1,7777,205
1,7778,357
1,7779,81
1,7780,108
1,7781,367
1,7782,140
1,7783,243
1,7784,256
1,7785,263
1,7786,195
1,7787,359
1,7788,92
1,7789,221
1,7790,135
1,7791,268
1,7792,116
1,7793,303
1,7794,55
1,7795,148
1,7796,318
1,7797,260
1,7798,342
1,7799,362
1,7800,138
1,7801,373
1,7802,47
1,7803,329
1,7804,110
1,7805,240
1,7806,323
1,7807,290
1,7808,175
1,7809,314
1,7810,377
1,7811,195
1,7812,329
1,7813,338
1,7814,298
1,7815,216
1,7816,53
1,7817,348
1,7818,44
1,7819,307
1,7820,349
1,7821,331
1,7822,48
1,7823,416
1,7824,362
1,7825,303
1,7826,321
1,7827,407
1,7828,92
1,7829,129
1,7830,149
1,7831,352
1,7832,300
1,7833,379
1,7834,270
1,7835,388
1,7836,269
1,7837,115
1,7838,433
1,7839,47
1,7840,351
1,7841,380
1,7842,409
1,7843,404
1,7844,412
1,7845,47
1,7846,302
1,7847,657
1,7848,91
1,7849,326
1,7850,487
1,7851,452
1,7852,407
1,7853,411
1,7854,76
1,7855,403
1,7856,343
1,7857,367
1,7858,64
1,7859,300
1,7860,285
1,7861,386
1,7862,351
1,7863,36
1,7864,417
1,7865,34
1,7866,407
1,7867,475
1,7868,393
1,7869,42
1,7870,104
1,7871,358
1,7872,49
1,7873,383
1,7874,184
1,7875,264
1,7876,104
1,7877,292
1,7878,195
1,7879,204
1,7880,90
1,7881,179
1,7882,316
1,7883,98
1,7884,219
1,7885,290
1,7886,148
1,7887,106
1,7888,440
1,7889,444
1,7890,270
1,7891,179
1,7892,177
1,7893,163
1,7894,246
1,7895,326
1,7896,55
1,7897,349
1,7898,50
1,7899,272
1,7900,75
1,7901,158
1,7902,252
1,7903,374
1,7904,204
1,7905,399
1,7906,207
1,7907,103
1,7908,344
1,7909,373
1,7910,167
1,7911,236
1,7912,263
1,7913,404
1,7914,283
1,7915,276
1,7916,75
1,7917,502
1,7918,34
1,7919,264
1,7920,53
1,7921,296
1,7922,202
1,7923,396
1,7924,52
1,7925,265
1,7926,699
1,7927,524
1,7928,363
1,7929,445
1,7930,24
1,7931,510
1,7932,488
1,7933,478
1,7934,339
1,7935,272
1,7936,47
1,7937,127
1,7938,602
1,7939,286
1,7940,349
1,7941,462
1,7942,332
1,7943,412
1,7944,443
1,7945,76
1,7946,484
1,7947,257
1,7948,515
1,7949,440
1,7950,286
1,7951,417
1,7952,54
1,7953,466
1,7954,423
1,7955,449
1,7956,449
1,7957,245
1,7958,337
1,7959,431
1,7960,35
1,7961,269
1,7962,352
1,7963,489
1,7964,544
1,7965,373
1,7966,448
1,7967,367
1,7968,60
1,7969,131
1,7970,482
1,7971,96
1,7972,454
1,7973,430
1,7974,51
1,7975,495
1,7976,58
1,7977,247
1,7978,201
1,7979,397
1,7980,398
1,7981,210
1,7982,388
1,7983,44
1,7984,265
1,7985,266
1,7986,44
1,7987,124
1,7988,693
1,7989,322
1,7990,45
1,7991,380
1,7992,305
1,7993,426
1,7994,49
1,7995,379
1,7996,61
1,7997,448
1,7998,186
1,7999,428
1,8000,409
1,8001,407
1,8002,373
1,8003,441
1,8004,402
1,8005,471
1,8006,481
1,8007,580
1,8008,68
1,8009,387
1,8010,67
1,8011,450
1,8012,477
1,8013,97
1,8014,360
1,8015,80
1,8016,326
1,8017,179
1,8018,265
1,8019,119
1,8020,489
1,8021,60
1,8022,454
1,8023,65
1,8024,149
1,8025,443
1,8026,221
1,8027,504
1,8028,207
1,8029,103
1,8030,228
1,8031,263
1,8032,365
1,8033,42
1,8034,359
1,8035,43
1,8036,114
1,8037,446
1,8038,86
1,8039,462
1,8040,437
1,8041,45
1,8042,393
1,8043,354
1,8044,44
1,8045,307
1,8046,105
1,8047,440
1,8048,475
1,8049,470
1,8050,464
1,8051,229
1,8052,361
1,8053,402
1,8054,361
1,8055,439
1,8056,361
1,8057,211
1,8058,78
1,8059,263
1,8060,276
1,8061,441
1,8062,57
1,8063,281
1,8064,421
1,8065,53
1,8066,446
1,8067,99
1,8068,395
1,8069,361
1,8070,170
1,8071,141
1,8072,368
1,8073,72
1,8074,377
1,8075,276
1,8076,277
1,8077,251
1,8078,46
1,8079,229
1,8080,361
1,8081,258
1,8082,223
1,8083,91
1,8084,222
1,8085,291
1,8086,387
1,8087,358
1,8088,31
1,8089,276
1,8090,320
1,8091,42
1,8092,309
1,8093,55
1,8094,151
1,8095,409
1,8096,65
1,8097,173
1,8098,135
1,8099,265
1,8100,187
1,8101,106
1,8102,285
1,8103,295
1,8104,66
1,8105,407
1,8106,33
1,8107,151
1,8108,391
1,8109,50
1,8110,386
1,8111,421
1,8112,152
1,8113,429
1,8114,44
1,8115,464
1,8116,298
1,8117,445
1,8118,236
1,8119,301
1,8120,396
1,8121,150
1,8122,372
1,8123,39
1,8124,626
1,8125,48
1,8126,135
1,8127,458
1,8128,438
1,8129,196
1,8130,307
1,8131,249
1,8132,443
1,8133,46
1,8134,322
1,8135,105
1,8136,372
1,8137,337
1,8138,137
1,8139,374
1,8140,357
1,8141,192
1,8142,377
1,8143,213
1,8144,497
1,8145,412
1,8146,479
1,8147,424
1,8148,349
1,8149,44
1,8150,410
1,8151,362
1,8152,387
1,8153,420
1,8154,41
1,8155,415
1,8156,406
1,8157,477
1,8158,427
1,8159,453
1,8160,222
1,8161,351
1,8162,373
1,8163,69
1,8164,453
1,8165,322
1,8166,172
1,8167,212
1,8168,59
1,8169,146
1,8170,273
1,8171,181
1,8172,277
1,8173,42
1,8174,69
1,8175,127
1,8176,144
1,8177,250
1,8178,237
1,8179,67
1,8180,252
1,8181,108
1,8182,385
1,8183,112
1,8184,306
1,8185,17
1,8186,281
1,8187,74
1,8188,359
1,8189,45
1,8190,281
1,8191,101
1,8192,406
1,8193,254
1,8194,321
1,8195,314
1,8196,77
1,8197,270
1,8198,115
1,8199,358
1,8200,470
1,8201,17
1,8202,311
1,8203,114
1,8204,139
1,8205,188
1,8206,135
1,8207,187
1,8208,101
1,8209,386
1,8210,48
1,8211,204
1,8212,257
1,8213,349
1,8214,44
1,8215,277
1,8216,106
1,8217,368
1,8218,71
1,8219,302
1,8220,114
1,8221,152
1,8222,384
1,8223,105
1,8224,345
1,8225,156
1,8226,120
1,8227,289
1,8228,377
1,8229,377
1,8230,438
1,8231,122
1,8232,153
1,8233,179
1,8234,383
1,8235,378
1,8236,316
1,8237,49
1,8238,315
1,8239,55
1,8240,366
1,8241,308
1,8242,138
1,8243,383
1,8244,47
1,8245,301
1,8246,881
1,8247,321
1,8248,35
1,8249,514
1,8250,230
1,8251,131
1,8252,443
1,8253,40
1,8254,301
1,8255,78
1,8256,176
1,8257,154
1,8258,453
1,8259,389
1,8260,34
1,8261,513
1,8262,277
1,8263,42
1,8264,207
1,8265,285
1,8266,30
1,8267,233
1,8268,323
1,8269,25
1,8270,269
1,8271,410
1,8272,416
1,8273,330
1,8274,328
1,8275,44
1,8276,260
1,8277,106
1,8278,401
1,8279,332
1,8280,391
1,8281,395
1,8282,419
1,8283,49
1,8284,335
1,8285,243
1,8286,65
1,8287,415
1,8288,379
1,8289,65
1,8290,319
1,8291,67
1,8292,318
1,8293,222
1,8294,149
1,8295,215
1,8296,123
1,8297,235
1,8298,120
1,8299,364
1,8300,50
1,8301,298
1,8302,372
1,8303,34
1,8304,351
1,8305,398
1,8306,47
1,8307,360
1,8308,328
1,8309,437
1,8310,48
1,8311,248
1,8312,298
1,8313,117
1,8314,168
1,8315,261
1,8316,390
1,8317,384
1,8318,42
1,8319,356
1,8320,67
1,8321,235
1,8322,379
1,8323,42
1,8324,386
1,8325,49
1,8326,224
1,8327,139
1,8328,406
1,8329,48
1,8330,174
1,8331,381
1,8332,422
1,8333,488
1,8334,315
1,8335,55
1,8336,379
1,8337,260
1,8338,381
1,8339,316
1,8340,360
1,8341,542
1,8342,494
1,8343,76
1,8344,370
1,8345,47
1,8346,527
1,8347,69
1,8348,464
1,8349,267
1,8350,481
1,8351,77
1,8352,308
1,8353,523
1,8354,101
1,8355,670
1,8356,605
1,8357,527
1,8358,26
1,8359,477
1,8360,534
1,8361,755
1,8362,68
1,8363,459
1,8364,408
1,8365,279
1,8366,107
1,8367,492
1,8368,438
1,8369,428
1,8370,78
1,8371,655
1,8372,82
1,8373,301
1,8374,499
1,8375,338
1,8376,500
1,8377,72
1,8378,507
1,8379,529
1,8380,85
1,8381,380
1,8382,491
1,8383,447
1,8384,613
1,8385,428
1,8386,66
1,8387,444
1,8388,288
1,8389,237
1,8390,289
1,8391,432
1,8392,27
1,8393,455
1,8394,326
1,8395,61
1,8396,332
1,8397,403
1,8398,114
1,8399,651
1,8400,565
1,8401,354
1,8402,58
1,8403,293
1,8404,163
1,8405,266
1,8406,61
1,8407,560
1,8408,138
1,8409,160
1,8410,151
1,8411,534
1,8412,76
1,8413,119
1,8414,299
1,8415,469
1,8416,633
1,8417,547
1,8418,48
1,8419,538
1,8420,66
1,8421,300
1,8422,187
1,8423,494
1,8424,51
1,8425,539
1,8426,61
1,8427,492
1,8428,271
1,8429,483
1,8430,67
1,8431,375
1,8432,186
1,8433,510
1,8434,53
1,8435,507
1,8436,235
1,8437,443
1,8438,541
1,8439,502
1,8440,82
1,8441,302
1,8442,515
1,8443,22
1,8444,568
1,8445,436
1,8446,527
1,8447,435
1,8448,61
1,8449,468
1,8450,379
1,8451,259
1,8452,467
1,8453,75
1,8454,286
1,8455,477
1,8456,74
1,8457,249
1,8458,447
1,8459,506
1,8460,504
1,8461,388
1,8462,384
1,8463,119
1,8464,335
1,8465,322
1,8466,59
1,8467,362
1,8468,63
1,8469,389
1,8470,245
1,8471,455
1,8472,74
1,8473,281
1,8474,510
1,8475,836
1,8476,407
1,8477,557
1,8478,106
1,8479,447
1,8480,94
1,8481,360
1,8482,617
1,8483,215
1,8484,132
1,8485,471
1,8486,399
1,8487,321
1,8488,78
1,8489,456
1,8490,613
1,8491,199
1,8492,278
1,8493,295
1,8494,94
1,8495,584
1,8496,551
1,8497,74
1,8498,464
1,8499,357
1,8500,489
1,8501,89
1,8502,299
1,8503,631
1,8504,600
1,8505,487
1,8506,123
1,8507,496
1,8508,443
1,8509,63
1,8510,431
1,8511,297
1,8512,64
1,8513,481
1,8514,226
1,8515,438
1,8516,143
1,8517,275
1,8518,297
1,8519,66
1,8520,487
1,8521,348
1,8522,461
1,8523,541
1,8524,26
1,8525,480
1,8526,69
1,8527,99
1,8528,587
1,8529,341
1,8530,97
1,8531,374
1,8532,316
1,8533,443
1,8534,70
1,8535,104
1,8536,364
1,8537,440
1,8538,386
1,8539,59
1,8540,348
1,8541,46
1,8542,384
1,8543,492
1,8544,390
1,8545,156
1,8546,377
1,8547,126
1,8548,150
1,8549,374
1,8550,46
1,8551,427
1,8552,441
1,8553,461
1,8554,103
1,8555,451
1,8556,356
1,8557,535
1,8558,387
1,8559,113
1,8560,324
1,8561,195
1,8562,427
1,8563,57
1,8564,311
1,8565,375
1,8566,246
1,8567,461
1,8568,386
1,8569,60
1,8570,415
1,8571,412
1,8572,57
1,8573,452
1,8574,512
1,8575,177
1,8576,354
1,8577,207
1,8578,257
1,8579,421
1,8580,177
1,8581,428
1,8582,97
1,8583,460
1,8584,35
1,8585,482
1,8586,363
1,8587,94
1,8588,425
1,8589,66
1,8590,446
1,8591,77
1,8592,343
1,8593,404
1,8594,202
1,8595,132
1,8596,443
1,8597,390
1,8598,310
1,8599,532
1,8600,420
1,8601,65
1,8602,469
1,8603,378
1,8604,273
1,8605,268
1,8606,102
1,8607,420
1,8608,470
1,8609,694
1,8610,18
1,8611,541
1,8612,459
1,8613,75
1,8614,260
1,8615,464
1,8616,56
1,8617,455
1,8618,63
1,8619,334
1,8620,90
1,8621,450
1,8622,410
1,8623,129
1,8624,209
1,8625,192
1,8626,380
1,8627,359
1,8628,429
1,8629,198
1,8630,378
1,8631,58
1,8632,398
1,8633,438
1,8634,53
1,8635,419
1,8636,248
1,8637,436
1,8638,53
1,8639,433
1,8640,463
1,8641,79
1,8642,139
1,8643,416
1,8644,69
1,8645,263
1,8646,439
1,8647,291
1,8648,666
1,8649,370
1,8650,253
1,8651,336
1,8652,524
1,8653,61
1,8654,76
1,8655,407
1,8656,481
1,8657,55
1,8658,346
1,8659,45
1,8660,522
1,8661,467
1,8662,56
1,8663,272
1,8664,112
1,8665,425
1,8666,436
1,8667,51
1,8668,456
1,8669,256
1,8670,568
1,8671,55
1,8672,443
1,8673,486
1,8674,469
1,8675,187
1,8676,136
1,8677,411
1,8678,388
1,8679,52
1,8680,307
1,8681,289
1,8682,375
1,8683,49
1,8684,242
1,8685,399
1,8686,391
1,8687,105
1,8688,415
1,8689,47
1,8690,237
1,8691,379
1,8692,49
1,8693,366
1,8694,65
1,8695,456
1,8696,126
1,8697,389
1,8698,222
1,8699,198
1,8700,403
1,8701,17
1,8702,255
1,8703,83
1,8704,388
1,8705,66
1,8706,347
1,8707,69
1,8708,444
1,8709,110
1,8710,153
1,8711,223
1,8712,324
1,8713,146
1,8714,169
1,8715,469
1,8716,52
1,8717,477
1,8718,432
1,8719,62
1,8720,396
1,8721,70
1,8722,174
1,8723,458
1,8724,60
1,8725,104
1,8726,393
1,8727,57
1,8728,392
1,8729,131
1,8730,161
1,8731,404
1,8732,441
1,8733,360
1,8734,321
1,8735,283
1,8736,469
1,8737,52
1,8738,444
1,8739,327
1,8740,63
1,8741,466
1,8742,436
1,8743,444
1,8744,132
1,8745,317
1,8746,100
1,8747,433
1,8748,265
1,8749,177
1,8750,322
1,8751,53
1,8752,372
1,8753,61
1,8754,209
1,8755,317
1,8756,198
1,8757,254
1,8758,28
1,8759,169
1,8760,83
1,8761,318
1,8762,59
1,8763,264
1,8764,65
1,8765,353
1,8766,79
1,8767,144
1,8768,199
1,8769,261
1,8770,107
1,8771,181
1,8772,326
1,8773,68
1,8774,390
1,8775,386
1,8776,87
1,8777,216
1,8778,316
1,8779,56
1,8780,466
1,8781,48
1,8782,486
1,8783,461
1,8784,53
1,8785,397
1,8786,426
1,8787,62
1,8788,388
1,8789,70
1,8790,177
1,8791,468
1,8792,61
1,8793,104
1,8794,389
1,8795,56
1,8796,386
1,8797,134
1,8798,163
1,8799,404
1,8800,333
1,8801,64
1,8802,500
1,8803,455
1,8804,55
1,8805,404
1,8806,431
1,8807,445
1,8808,357
1,8809,320
1,8810,280
1,8811,502
1,8812,54
1,8813,460
1,8814,56
1,8815,110
1,8816,386
1,8817,64
1,8818,212
1,8819,309
1,8820,214
1,8821,336
1,8822,119
1,8823,192
1,8824,310
1,8825,196
1,8826,203
1,8827,422
1,8828,61
1,8829,189
1,8830,432
1,8831,509
1,8832,382
1,8833,51
1,8834,300
1,8835,46
1,8836,425
1,8837,270
1,8838,504
1,8839,163
1,8840,457
1,8841,49
1,8842,228
1,8843,331
1,8844,26
1,8845,433
1,8846,56
1,8847,268
1,8848,467
1,8849,509
1,8850,258
1,8851,104
1,8852,517
1,8853,254
1,8854,46
1,8855,513
1,8856,484
1,8857,57
1,8858,423
1,8859,47
1,8860,542
1,8861,48
1,8862,500
1,8863,143
1,8864,297
1,8865,404
1,8866,181
1,8867,298
1,8868,68
1,8869,520
1,8870,58
1,8871,293
1,8872,157
1,8873,156
1,8874,522
1,8875,66
1,8876,416
1,8877,468
1,8878,26
1,8879,490
1,8880,59
1,8881,164
1,8882,466
1,8883,56
1,8884,119
1,8885,355
1,8886,394
1,8887,54
1,8888,360
1,8889,368
1,8890,482
1,8891,371
1,8892,54
1,8893,296
1,8894,52
1,8895,161
1,8896,309
1,8897,323
1,8898,47
1,8899,375
1,8900,123
1,8901,137
1,8902,221
1,8903,310
1,8904,61
1,8905,341
1,8906,361
1,8907,55
1,8908,256
1,8909,240
1,8910,360
1,8911,57
1,8912,338
1,8913,401
1,8914,62
1,8915,172
1,8916,427
1,8917,558
1,8918,107
1,8919,169
1,8920,280
1,8921,292
1,8922,78
1,8923,225
1,8924,354
1,8925,64
1,8926,111
1,8927,301
1,8928,498
1,8929,218
1,8930,441
1,8931,119
1,8932,369
1,8933,445
1,8934,116
1,8935,589
1,8936,63
1,8937,293
1,8938,433
1,8939,161
1,8940,425
1,8941,77
1,8942,442
1,8943,344
1,8944,56
1,8945,290
1,8946,314
1,8947,62
1,8948,423
1,8949,60
1,8950,403
1,8951,223
1,8952,490
1,8953,562
1,8954,64
1,8955,383
1,8956,243
1,8957,412
1,8958,255
1,8959,184
1,8960,429
1,8961,57
1,8962,402
1,8963,52
1,8964,436
1,8965,388
1,8966,56
1,8967,391
1,8968,67
1,8969,372
1,8970,47
1,8971,403
1,8972,292
1,8973,53
1,8974,407
1,8975,271
1,8976,332
1,8977,51
1,8978,377
1,8979,57
1,8980,302
1,8981,58
1,8982,288
1,8983,518
1,8984,55
1,8985,365
1,8986,317
1,8987,403
1,8988,43
1,8989,428
1,8990,386
1,8991,81
1,8992,251
1,8993,510
1,8994,446
1,8995,13
1,8996,289
1,8997,292
1,8998,353
1,8999,56
1,9000,316
1,9001,497
1,9002,58
1,9003,589
1,9004,380
1,9005,206
1,9006,437
1,9007,60
1,9008,385
1,9009,136
1,9010,164
1,9011,315
1,9012,238
1,9013,368
1,9014,535
1,9015,481
1,9016,651
1,9017,85
1,9018,602
1,9019,77
1,9020,284
1,9021,84
1,9022,196
1,9023,363
1,9024,238
1,9025,123
1,9026,470
1,9027,103
1,9028,329
1,9029,527
1,9030,529
1,9031,228
1,9032,150
1,9033,523
1,9034,366
1,9035,439
1,9036,68
1,9037,479
1,9038,447
1,9039,254
1,9040,152
1,9041,313
1,9042,306
1,9043,294
1,9044,204
1,9045,469
1,9046,392
1,9047,68
1,9048,286
1,9049,252
1,9050,373
1,9051,437
1,9052,279
1,9053,93
1,9054,438
1,9055,74
1,9056,176
1,9057,318
1,9058,148
1,9059,367
1,9060,475
1,9061,27
1,9062,225
1,9063,242
1,9064,97
1,9065,287
1,9066,112
1,9067,304
1,9068,75
1,9069,433
1,9070,148
1,9071,114
1,9072,338
1,9073,379
1,9074,71
1,9075,112
1,9076,400
1,9077,241
1,9078,410
1,9079,351
1,9080,283
1,9081,512
1,9082,279
1,9083,47
1,9084,312
1,9085,286
1,9086,480
1,9087,126
1,9088,453
1,9089,294
1,9090,99
1,9091,256
1,9092,136
1,9093,177
1,9094,427
1,9095,469
1,9096,325
1,9097,75
1,9098,275
1,9099,105
1,9100,509
1,9101,71
1,9102,361
1,9103,289
1,9104,352
1,9105,153
1,9106,370
1,9107,416
1,9108,78
1,9109,109
1,9110,467
1,9111,78
1,9112,205
1,9113,452
1,9114,63
1,9115,421
1,9116,61
1,9117,502
1,9118,350
1,9119,305
1,9120,141
1,9121,400
1,9122,19
1,9123,367
1,9124,145
1,9125,271
1,9126,252
1,9127,168
1,9128,554
1,9129,63
1,9130,291
1,9131,347
1,9132,130
1,9133,471
1,9134,81
1,9135,365
1,9136,413
1,9137,61
1,9138,217
1,9139,333
1,9140,171
1,9141,150
1,9142,282
1,9143,289
1,9144,82
1,9145,218
1,9146,106
1,9147,320
1,9148,390
1,9149,144
1,9150,458
1,9151,156
1,9152,476
1,9153,423
1,9154,359
1,9155,381
1,9156,77
1,9157,227
1,9158,308
1,9159,341
1,9160,106
1,9161,368
1,9162,142
1,9163,506
1,9164,497
1,9165,159
1,9166,145
1,9167,178
1,9168,492
1,9169,459
1,9170,61
1,9171,438
1,9172,101
1,9173,472
1,9174,411
1,9175,65
1,9176,434
1,9177,106
1,9178,423
1,9179,71
1,9180,253
1,9181,95
1,9182,554
1,9183,81
1,9184,296
1,9185,248
1,9186,180
1,9187,197
1,9188,454
1,9189,60
1,9190,435
1,9191,225
1,9192,443
1,9193,262
1,9194,192
1,9195,236
1,9196,158
1,9197,404
1,9198,531
1,9199,64
1,9200,407
1,9201,63
1,9202,181
1,9203,396
1,9204,151
1,9205,192
1,9206,170
1,9207,244
1,9208,317
1,9209,43
1,9210,456
1,9211,83
1,9212,512
1,9213,65
1,9214,252
1,9215,124
1,9216,187
1,9217,228
1,9218,158
1,9219,168
1,9220,416
1,9221,39
1,9222,416
1,9223,441
1,9224,166
1,9225,154
1,9226,280
1,9227,268
1,9228,71
1,9229,295
1,9230,47
1,9231,288
1,9232,67
1,9233,244
1,9234,487
1,9235,365
1,9236,66
1,9237,216
1,9238,170
1,9239,366
1,9240,52
1,9241,393
1,9242,64
1,9243,272
1,9244,60
1,9245,283
1,9246,129
1,9247,303
1,9248,270
1,9249,62
1,9250,267
1,9251,268
1,9252,329
1,9253,571
1,9254,132
1,9255,301
1,9256,72
1,9257,328
1,9258,124
1,9259,339
1,9260,57
1,9261,337
1,9262,73
1,9263,172
1,9264,356
1,9265,94
1,9266,212
1,9267,188
1,9268,358
1,9269,87
1,9270,239
1,9271,153
1,9272,448
1,9273,169
1,9274,159
1,9275,465
1,9276,134
1,9277,174
1,9278,438
1,9279,366
1,9280,139
1,9281,284
1,9282,125
1,9283,377
1,9284,123
1,9285,245
1,9286,505
1,9287,78
1,9288,179
1,9289,428
1,9290,424
1,9291,124
1,9292,367
1,9293,71
1,9294,311
1,9295,106
1,9296,444
1,9297,645
1,9298,62
1,9299,407
1,9300,68
1,9301,281
1,9302,452
1,9303,423
1,9304,69
1,9305,310
1,9306,197
1,9307,157
1,9308,358
1,9309,64
1,9310,459
1,9311,54
1,9312,440
1,9313,141
1,9314,149
1,9315,347
1,9316,481
1,9317,367
1,9318,73
1,9319,188
1,9320,421
1,9321,286
1,9322,115
1,9323,403
1,9324,164
1,9325,151
1,9326,627
1,9327,144
1,9328,151
1,9329,421
1,9330,242
1,9331,450
1,9332,62
1,9333,415
1,9334,201
1,9335,373
1,9336,69
1,9337,270
1,9338,384
1,9339,313
1,9340,315
1,9341,314
1,9342,50
1,9343,213
1,9344,144
1,9345,298
1,9346,137
1,9347,382
1,9348,50
1,9349,242
1,9350,124
1,9351,402
1,9352,51
1,9353,387
1,9354,240
1,9355,105
1,9356,459
1,9357,229
1,9358,283
1,9359,426
1,9360,38
1,9361,445
1,9362,317
1,9363,265
1,9364,591
1,9365,179
1,9366,379
1,9367,62
1,9368,433
1,9369,226
1,9370,237
1,9371,134
1,9372,425
1,9373,280
1,9374,303
1,9375,227
1,9376,104
1,9377,399
1,9378,275
1,9379,59
1,9380,433
1,9381,255
1,9382,315
1,9383,239
1,9384,356
1,9385,611
1,9386,204
1,9387,106
1,9388,448
1,9389,58
1,9390,345
1,9391,60
1,9392,520
1,9393,60
1,9394,184
1,9395,427
1,9396,433
1,9397,56
1,9398,271
1,9399,120
1,9400,358
1,9401,132
1,9402,195
1,9403,251
1,9404,289
1,9405,328
1,9406,99
1,9407,195
1,9408,176
1,9409,422
1,9410,53
1,9411,349
1,9412,60
1,9413,431
1,9414,70
1,9415,404
1,9416,247
1,9417,410
1,9418,141
1,9419,130
1,9420,504
1,9421,134
1,9422,395
1,9423,255
1,9424,296
